1370526960,-2.69026862250434
1370527266,-2.81028111775716
1370526352,-2.55025545756022
1370527576,-2.8402837117513
1370527865,-2.63026343451606
1370528162,-2.75027487013075
1370256063,2.26022508409288
1370070063,2.05020480685764
1370674264,10.5910597907172
1370674560,10.5410554673937
1370382064,3.22032292683919
1370153160,6.1406135559082
1370528464,-2.72027227613661
1370153460,6.26062605116102
1370528776,-2.72027227613661
1370528167,-2.75027487013075
1370527271,-2.81028111775716
1370153763,6.41064114040799
1370673938,10.5210537380642
1370070361,1.81018193562826
1370070660,1.8401845296224
1370152821,5.99059846666124
1370070960,1.78017722235786
1370529064,-2.86028544108073
1370529362,-2.72027227613661
1370154060,6.36063681708442
1370070066,2.05020480685764
1370256391,2.23022249009874
1370071260,1.86018625895182
1370382384,2.31023152669271
1370529664,-2.86028544108073
1370529064,-2.86028544108073
1370154360,6.6306644015842
1370382664,1.8401845296224
1370382960,2.75027592976888
1370071560,1.70017030504015
1370154661,6.7006704542372
1370383273,3.3003298441569
1370529992,-2.78027852376302
1370071861,1.86018625895182
1370154960,6.75067477756076
1370382332,2.55025439792209
1370154640,6.7006704542372
1370153740,6.41064114040799
1370072160,1.65016598171658
1370530264,-2.69026862250434
1370530560,-2.890289094713
1370155260,6.97069803873698
1370071819,1.86018625895182
1370070919,1.78017722235786
1370072460,1.78017722235786
1370155560,6.92069159613715
1370383577,2.75027592976888
1370530866,-2.86028544108073
1370383864,2.36023585001628
1370384163,1.68016857571072
1370155861,7.0607058207194
1370529972,-2.8402837117513
1370156160,7.19071918063694
1370072760,1.65016598171658
1370155542,6.92069159613715
1370384148,1.68016857571072
1370383254,3.3003298441569
1370384464,2.75027592976888
1370073061,1.70017030504015
1370531176,-2.6602660285102
1370073360,2.81028111775716
1370531465,-2.72027227613661
1370156464,7.31073167588976
1370072719,1.68016857571072
1370384776,3.27032725016276
1370073663,3.25032552083333
1370531761,-2.8402837117513
1370385066,3.4003406100803
1370385362,2.57025824652778
1370531735,-2.8402837117513
1370530835,-2.86028544108073
1370385049,3.4003406100803
1370532065,-2.81028111775716
1370256665,1.99019961886936
1370385664,2.13021384345161
1370073960,3.07030783759223
1370156760,7.40074157714844
1370532376,-2.78027852376302
1370074260,3.1203121609158
1370256960,1.97019788953993
1370385987,2.62026256985135
1370157060,7.60076098971897
1370074560,2.86028544108073
1370073643,3.25032552083333
1370257227,1.8401845296224
1370256368,2.07020653618707
1370532665,-2.890289094713
1370532962,-2.86028544108073
1370156455,7.31073167588976
1370386264,2.83028284708659
1370386560,3.09030956692166
1370533263,-2.8402837117513
1370532635,-2.890289094713
1370157362,7.79077953762478
1370257273,1.89018885294596
1370385960,2.44024488661024
1370074860,2.60026084052192
1370386864,3.27032725016276
1370157660,7.9107920328776
1370075160,2.57025824652778
1370533588,-2.75027487013075
1370387176,3.66036732991536
1370157960,7.9807980855306
1370075461,2.55025439792209
1370387464,3.01030053032769
1370387762,1.94019317626953
1370158261,8.12081231011285
1370158560,8.24082480536567
1370075438,2.57025824652778
1370074539,2.86028544108073
1370158252,8.12081231011285
1370157354,7.79077953762478
1370075760,2.36023585001628
1370158860,8.29082912868924
1370076060,2.31023152669271
1370533864,-2.72027227613661
1370534160,-2.69026862250434
1370257576,1.97019788953993
1370076360,2.23022249009874
1370159160,8.46084594726563
1370534466,-2.6602660285102
1370533552,-2.75027487013075
1370387759,1.94019317626953
1370386869,3.50034925672743
1370388064,2.2002198961046
1370159461,8.41084162394206
1370159162,8.46084594726563
1370076351,2.23022249009874
1370159760,8.55085584852431
1370076661,1.99019961886936
1370076960,2.13021384345161
1370257864,1.65016598171658
1370077263,1.81018193562826
1370160064,8.6208619011773
1370388375,2.52025180392795
1370534776,-2.69026862250434
1370535064,-2.75027487013075
1370535361,-2.95029534233941
1370258163,1.65016598171658
1370388665,2.75027592976888
1370388962,3.07030783759223
1370388670,2.75027592976888
1370389264,3.20031907823351
1370077560,1.86018625895182
1370535352,-2.95029534233941
1370534456,-2.6602660285102
1370160360,8.84088516235352
1370535663,-2.6602660285102
1370077860,2.52025180392795
1370160660,8.88088862101237
1370389587,3.50034925672743
1370258127,1.65016598171658
1370077258,1.81018193562826
1370078161,2.70026948716905
1370160021,8.6208619011773
1370160963,8.93089294433594
1370389864,3.61036088731554
1370390160,3.79037857055664
1370258465,1.46014531453451
1370535976,-2.72027227613661
1370389532,3.4003406100803
1370078460,2.81028111775716
1370390464,2.99029880099826
1370536268,-2.86028544108073
1370536562,-2.92029274834527
1370258776,2.49024920993381
1370536264,-2.86028544108073
1370161260,9.00090111626519
1370536864,-2.890289094713
1370078760,2.91029188368056
1370259065,2.36023585001628
1370259362,2.57025824652778
1370161560,9.17091793484158
1370079061,3.04030524359809
1370537189,-2.78027852376302
1370161861,9.17091793484158
1370079360,3.1203121609158
1370079063,3.04030524359809
1370078162,2.75027592976888
1370079660,3.01030053032769
1370259663,2.83028284708659
1370390776,2.0202022128635
1370391065,2.36023585001628
1370391363,2.39023844401042
1370161821,9.28092956542969
1370160921,8.93089294433594
1370259027,2.36023585001628
1370162160,9.40093994140625
1370079965,3.14031389024523
1370537465,-2.86028544108073
1370537760,-2.92029274834527
1370162460,9.4709481133355
1370391332,2.39023844401042
1370390432,2.99029880099826
1370259982,2.88028717041016
1370162760,9.57095675998264
1370391664,2.52025180392795
1370163061,9.64096493191189
1370538066,-2.81028111775716
1370080261,3.84038501315647
1370537168,-2.78027852376302
1370391975,2.81028111775716
1370080560,4.27042643229167
1370163360,9.7509765625
1370260264,2.78027852376302
1370392265,2.83028284708659
1370392562,3.1203121609158
1370162737,9.57095675998264
1370163666,9.80098088582357
1370260560,2.99029880099826
1370080864,4.62046305338542
1370079919,3.3003298441569
1370538376,-0.690069198608398
1370259945,2.83028284708659
1370260871,2.99029880099826
1370538664,-0.140014224582248
1370081160,4.92049323187934
1370392252,2.83028284708659
1370392863,3.04030524359809
1370081460,5.05050659179688
1370538962,-1.41014099121094
1370163960,9.92099338107639
1370081760,5.15051523844401
1370080819,4.62046305338542
1370393185,3.1203121609158
1370164260,9.87098693847656
1370261176,3.01030053032769
1370164562,10.0810072157118
1370538976,-1.52015262179905
1370163643,9.80098088582357
1370538069,-2.81028111775716
1370261464,3.04030524359809
1370539263,-2.34023412068685
1370261762,3.07030783759223
1370393465,3.27032725016276
1370393760,3.3003298441569
1370082060,5.3205320570204
1370164860,10.1710171169705
1370393149,3.1203121609158
1370394066,3.43034320407444
1370082360,5.30053032769097
1370082664,5.5005497402615
1370165160,10.2010218302409
1370261745,3.07030783759223
1370260852,2.99029880099826
1370539575,-3.22032186720106
1370262064,2.86028544108073
1370082960,5.52055358886719
1370082639,5.5005497402615
1370081719,5.12051264444987
1370165461,10.311033460829
1370083260,5.67056867811415
1370262375,3.1203121609158
1370165452,10.311033460829
1370164542,9.96099683973524
1370539864,-3.66036627027724
1370540162,-4.35043546888563
1370394376,3.50034925672743
1370540464,-4.96049669053819
1370083564,5.69057040744358
1370394664,3.63036261664497
1370165760,10.4110421074761
1370394964,3.5803582933214
1370539835,-3.8103813595242
1370166060,10.311033460829
1370262666,3.1203121609158
1370262962,3.1203121609158
1370083861,5.79057905409071
1370084160,5.92059241400825
1370263264,3.01030053032769
1370166360,10.5710559421115
1370083537,5.82058376736111
1370394962,3.5803582933214
1370394054,3.43034320407444
1370395264,3.5803582933214
1370262656,3.1203121609158
1370084463,5.99059846666124
1370540792,-5.43054368760851
1370166661,10.5010520087348
1370395575,3.53035396999783
1370541065,-5.6805674235026
1370541360,-6.06060663859049
1370166960,10.5710559421115
1370395865,3.66036732991536
1370166352,10.5710559421115
1370263585,3.09030956692166
1370167265,10.7110722859701
1370396162,3.71037165323893
1370541677,-6.41064114040799
1370084760,6.1406135559082
1370540735,-5.33053292168511
1370263864,3.04030524359809
1370264160,3.1203121609158
1370085060,6.29062864515516
1370085360,6.33063422309028
1370084442,5.99059846666124
1370263555,3.20031907823351
1370167560,10.8010821872287
1370396463,2.9402944776747
1370395862,3.66036732991536
1370264470,3.17031648423937
1370085660,6.46064758300781
1370541976,-6.16061634487576
1370167860,10.8010821872287
1370396785,2.13021384345161
1370085960,6.65066613091363
1370168162,10.9610960218641
1370086261,6.6006596883138
1370264776,3.09030956692166
1370397064,2.39023844401042
1370397360,2.39023844401042
1370167268,10.7110722859701
1370265064,3.22032292683919
1370265362,3.25032552083333
1370086560,6.85068554348416
1370542264,-5.710572136773
1370542561,-5.65056482950846
1370397665,2.49024920993381
1370086252,6.6006596883138
1370085353,6.33063422309028
1370168460,11.0511059231228
1370086860,6.87068727281359
1370396764,2.0202022128635
1370087160,6.92069159613715
1370542865,-6.06060663859049
1370542558,-5.65056482950846
1370541635,-6.41064114040799
1370265664,3.27032725016276
1370168760,11.011102464464
1370265372,3.25032552083333
1370264464,3.17031648423937
1370397976,2.68026775783963
1370169061,11.15111456977
1370087461,7.14071485731337
1370398264,2.78027852376302
1370265975,3.25032552083333
1370543175,-6.25062518649631
1370087760,7.23072475857205
1370169360,11.1711162990994
1370398562,3.07030783759223
1370266266,3.43034320407444
1370169021,11.1711162990994
1370168121,10.9810977511936
1370266562,3.25032552083333
1370087151,6.92069159613715
1370543467,-6.38063854641385
1370169660,11.2611262003581
1370088063,7.19071918063694
1370543763,-6.03060404459635
1370169960,11.3111326429579
1370266863,3.27032725016276
1370544063,-5.84058443705241
1370543453,-6.61066161261664
1370266229,3.27032725016276
1370398532,2.99029880099826
1370397679,2.49024920993381
1370398864,3.1203121609158
1370169921,11.3111326429579
1370088360,7.31073167588976
1370170263,11.4911482069227
1370267189,3.480347527398
1370170560,11.5411546495226
1370088660,7.43074205186632
1370399176,3.17031648423937
1370399465,3.53035396999783
1370399762,3.56035656399197
1370170866,11.5411546495226
1370544395,-5.84058443705241
1370088960,7.5507566663954
1370400063,3.66036732991536
1370267465,3.38033888075087
1370088067,7.19071918063694
1370089260,7.64076444837782
1370544665,-5.93059327867296
1370267760,3.38033888075087
1370399432,3.53035396999783
1370544960,-6.19061999850803
1370268069,3.61036088731554
1370089560,7.76077694363064
1370400386,3.61036088731554
1370171160,11.5811581081814
1370089861,7.86078559027778
1370267129,3.3003298441569
1370544358,-5.84058443705241
1370545265,-6.51065190633138
1370400664,2.26022508409288
1370400960,2.15021557278103
1370090160,7.96079635620117
1370171460,11.6311645507813
1370268376,3.480347527398
1370089819,7.86078559027778
1370088919,7.5507566663954
1370268664,3.43034320407444
1370171762,11.7011706034342
1370268961,3.53035396999783
1370545576,-6.61066161261664
1370545865,-6.09060923258463
1370401264,2.39023844401042
1370090460,8.05080625745985
1370546162,-5.55055618286133
1370170842,11.5411546495226
1370400332,3.79037857055664
1370269263,3.56035656399197
1370172060,11.8111822340224
1370172360,11.8811882866753
1370401575,2.39023844401042
1370268945,3.53035396999783
1370268050,3.61036088731554
1370172660,11.971198187934
1370401864,2.78027852376302
1370090760,8.05080625745985
1370402162,2.75027592976888
1370269575,3.53035396999783
1370546464,-5.87058703104655
1370269864,3.71037165323893
1370270162,3.73037338256836
1370172960,11.9511964586046
1370546167,-5.55055618286133
1370545269,-6.51065190633138
1370172643,11.971198187934
1370171743,11.7011706034342
1370091061,8.10081058078342
1370270463,3.71037165323893
1370402464,3.09030956692166
1370091360,8.27082739935981
1370546775,-6.09060923258463
1370091664,8.34083557128906
1370402149,2.75027592976888
1370401253,2.39023844401042
1370269847,3.71037165323893
1370090719,7.9807980855306
1370547069,-6.22062259250217
1370547362,-6.64066420661079
1370402775,3.25032552083333
1370173270,12.0212046305339
1370270787,3.68036905924479
1370547663,-6.67066786024306
1370403065,3.45034493340386
1370403362,3.53035396999783
1370173560,12.0912085639106
1370173860,12.2012201944987
1370271064,3.86038674248589
1370547067,-6.22062259250217
1370271360,3.63036261664497
1370091960,8.48084767659505
1370547996,-5.90059068467882
1370092260,8.50084940592448
1370173557,12.0912085639106
1370403664,3.7603759765625
1370092560,8.60086017184787
1370271671,3.45034493340386
1370548265,-5.84058443705241
1370548560,-5.90059068467882
1370092860,8.60086017184787
1370174169,12.2512266370985
1370403050,3.45034493340386
1370270762,3.68036905924479
1370174471,12.3412344190809
1370174760,12.3612361484104
1370091642,8.34083557128906
1370548864,-6.25062518649631
1370093160,8.76087612575955
1370403991,2.65026516384549
1370547975,-5.90059068467882
1370271976,2.57025824652778
1370093461,8.74087439643012
1370404266,1.97019788953993
1370404560,2.15021557278103
1370272264,2.65026516384549
1370272561,2.28022893269857
1370404877,2.47024748060438
1370093760,8.91089121500651
1370175066,12.4112404717339
1370093439,8.74087439643012
1370092540,8.60086017184787
1370094060,8.98089938693576
1370549176,-6.03060404459635
1370403961,2.75027592976888
1370175360,12.4312443203396
1370174453,12.3612361484104
1370175660,12.5012503729926
1370094360,9.02090284559462
1370549464,-6.09060923258463
1370549761,-6.38063854641385
1370272863,2.36023585001628
1370405176,2.73027208116319
1370094661,9.14091534084744
1370272557,2.39023844401042
1370271666,3.45034493340386
1370175977,12.6312637329102
1370094960,9.24092398749457
1370550064,-6.64066420661079
1370405464,2.96029620700412
1370176265,12.5912602742513
1370176565,12.6612663269043
1370273176,2.23022249009874
1370095264,9.33093388875326
1370405761,2.99029880099826
1370094351,9.02090284559462
1370549735,-6.38063854641385
1370548835,-5.90059068467882
1370273464,2.15021557278103
1370273762,2.07020653618707
1370550375,-6.54065450032552
1370406064,3.14031389024523
1370550667,-6.12061182657878
1370550962,-5.81058078342014
1370274063,1.76017549302843
1370405766,2.99029880099826
1370404870,2.47024748060438
1370176864,12.8112835354275
1370551264,-6.03060404459635
1370095560,9.28092956542969
1370176264,12.5912602742513
1370175351,12.4312443203396
1370406375,3.56035656399197
1370273471,2.15021557278103
1370095860,9.45094638400608
1370550635,-6.12061182657878
1370274383,1.89018885294596
1370406666,3.68036905924479
1370406962,2.96029620700412
1370177181,12.7912796868218
1370096160,9.40093994140625
1370095263,9.33093388875326
1370551594,-6.16061634487576
1370177464,12.8812874688043
1370177760,12.9312939114041
1370274684,1.70017030504015
1370274960,1.52015262179905
1370407263,1.99019961886936
1370096460,9.5409541659885
1370178068,12.9312939114041
1370406675,3.61036088731554
1370551865,-6.00060039096408
1370552160,-6.28062884012858
1370096760,9.5409541659885
1370178025,13.0413055419922
1370177121,12.8412840101454
1370275269,1.73017289903429
1370552465,-6.28062884012858
1370097061,9.71097310384115
1370275229,1.73017289903429
1370274329,1.8401845296224
1370407593,2.28022893269857
1370178376,13.0013020833333
1370551553,-5.90059068467882
1370097360,9.68096839057075
1370178664,13.0613072713216
1370178960,13.1313154432509
1370097065,9.7509765625
1370096152,9.40093994140625
1370275576,2.44024488661024
1370097660,9.80098088582357
1370407864,2.47024748060438
1370408160,2.68026775783963
1370275864,2.60026084052192
1370276162,2.55025439792209
1370552776,-4.26042662726508
1370097960,9.80098088582357
1370553064,-0.690069198608398
1370408465,2.91029188368056
1370179263,13.1313154432509
1370553361,1.81018193562826
1370178926,13.1813176472982
1370408432,3.04030524359809
1370407532,2.36023585001628
1370276464,2.65026516384549
1370179575,13.2513258192274
1370098261,9.89098866780599
1370276129,2.55025439792209
1370179865,13.2513258192274
1370180160,13.2913292778863
1370098560,9.94099511040582
1370553664,3.91039106580946
1370097919,9.80098088582357
1370553353,1.81018193562826
1370552455,-6.28062884012858
1370408776,3.27032725016276
1370180463,13.4313456217448
1370276775,2.68026775783963
1370098864,10.0810072157118
1370277065,2.75027592976888
1370277362,2.88028717041016
1370553975,5.87058597140842
1370409065,3.38033888075087
1370409362,3.73037338256836
1370179843,13.2513258192274
1370554269,7.48074849446615
1370277663,2.88028717041016
1370180781,13.4713490804036
1370554562,8.31083085801866
1370181064,13.4913508097331
1370277046,2.75027592976888
1370554863,8.72087266710069
1370099160,10.1710171169705
1370554265,7.48074849446615
1370181360,13.5413551330566
1370099460,10.1510153876411
1370409664,2.75027592976888
1370099761,10.2210235595703
1370409332,3.61036088731554
1370277982,2.81028111775716
1370555190,9.12091149224175
1370181667,13.5613568623861
1370409976,2.07020653618707
1370098819,9.99099943372938
1370100060,10.4110421074761
1370410266,2.39023844401042
1370180744,13.3613374498155
1370278264,3.04030524359809
1370278560,2.81028111775716
1370555465,9.40093994140625
1370555760,9.57095675998264
1370100360,10.5010520087348
1370410562,2.73027208116319
1370278869,2.96029620700412
1370410863,3.01030053032769
1370556069,9.7509765625
1370277946,2.88028717041016
1370100661,10.4310438368056
1370410249,2.39023844401042
1370555164,9.12091149224175
1370411190,3.14031389024523
1370181976,13.5813585917155
1370100960,10.5910597907172
1370101260,10.5910597907172
1370100638,10.4310438368056
1370099720,10.2210235595703
1370279176,3.56035656399197
1370182264,13.7213728162977
1370182560,13.7013710869683
1370556376,9.71097310384115
1370101561,10.6610658433702
1370411465,3.43034320407444
1370279464,4.34043460422092
1370411760,3.79037857055664
1370279761,2.99029880099826
1370556664,9.85098520914713
1370556962,9.73097271389431
1370412065,2.52025180392795
1370101861,10.7110722859701
1370102160,10.7510757446289
1370411149,3.14031389024523
1370182554,13.7013710869683
1370181647,13.5613568623861
1370280064,2.34023412068685
1370182863,13.7413745456272
1370557274,9.87098693847656
1370101537,10.6810675726997
1370102463,10.8210839165582
1370556979,9.71097310384115
1370556076,9.7509765625
1370279758,2.99029880099826
1370278850,2.96029620700412
1370280376,2.47024748060438
1370412376,2.2002198961046
1370280664,2.55025439792209
1370557575,9.99099943372938
1370280962,2.39023844401042
1370557870,9.96099683973524
1370412665,2.39023844401042
1370558162,10.0110032823351
1370183176,13.86138704088
1370102760,10.9410942925347
1370412962,2.57025824652778
1370281264,2.52025180392795
1370103060,10.9810977511936
1370558464,10.0310028923882
1370183470,13.8113827175564
1370183760,13.8813887702094
1370103360,11.081108517117
1370280659,2.55025439792209
1370557836,9.96099683973524
1370184064,13.9913982815213
1370413264,2.91029188368056
1370281585,2.60026084052192
1370102445,10.8210839165582
1370103660,11.15111456977
1370412964,2.57025824652778
1370412057,2.52025180392795
1370183456,13.8113827175564
1370558791,10.0810072157118
1370413575,4.47044796413845
1370281864,2.65026516384549
1370103960,11.1211140950521
1370413865,6.11061096191406
1370282160,2.62026256985135
1370184378,13.9513948228624
1370414162,7.450745900472
1370104261,11.15111456977
1370414463,8.38083902994792
1370104560,11.2611262003581
1370282469,2.60026084052192
1370184664,14.011402130127
1370184960,14.1014099121094
1370559065,10.1010110643175
1370559360,10.1310136583116
1370281558,2.47024748060438
1370104253,11.15111456977
1370103354,11.081108517117
1370413861,6.33063422309028
1370104860,11.2611262003581
1370414786,9.02090284559462
1370185270,14.1914198133681
1370559664,10.1710171169705
1370105160,11.421144273546
1370415065,9.28092956542969
1370415360,9.66096666124132
1370184355,13.9213943481445
1370558736,10.0310028923882
1370105461,11.4011404249403
1370105760,11.4411438835992
1370415674,9.89098866780599
1370282776,2.52025180392795
1370559976,10.1510153876411
1370283064,2.57025824652778
1370414761,9.02090284559462
1370106063,11.6111628214518
1370105151,11.421144273546
1370283362,2.44024488661024
1370560264,10.2710278828939
1370560562,10.1710171169705
1370185576,14.1014099121094
1370185864,14.1714180840386
1370186160,14.2214245266385
1370415976,10.2910296122233
1370283664,2.49024920993381
1370416264,10.4710472954644
1370560864,10.2010218302409
1370416562,10.5410554673937
1370283329,2.44024488661024
1370282481,2.49024920993381
1370560554,10.1710171169705
1370559636,10.1710171169705
1370106360,11.6311645507813
1370106660,11.7011706034342
1370561175,10.1010110643175
1370106961,11.7711766560872
1370283975,2.70026948716905
1370561470,10.2410252888997
1370186126,14.2614279852973
1370185272,14.1914198133681
1370561762,10.2410252888997
1370186463,14.3114323086209
1370284265,2.47024748060438
1370284562,2.68026775783963
1370106071,11.6111628214518
1370107260,11.6711680094401
1370562063,10.1010110643175
1370416875,10.7110722859701
1370416532,10.6110615200467
1370415679,9.99099943372938
1370186776,14.3114323086209
1370187066,14.3314340379503
1370187360,14.481447007921
1370284863,2.47024748060438
1370107560,11.7211744520399
1370561455,10.2410252888997
1370284229,2.49024920993381
1370562393,10.1310136583116
1370187663,14.4414435492622
1370285184,2.65026516384549
1370417175,10.8910899692112
1370417465,10.9810977511936
1370107861,11.9311947292752
1370187026,14.3314340379503
1370187978,14.4614473978678
1370417762,11.011102464464
1370108160,6.36063681708442
1370285464,2.44024488661024
1370285760,2.44024488661024
1370108460,6.26062605116102
1370107820,11.8111822340224
1370106920,11.7411740620931
1370188264,14.6014616224501
1370418063,11.15111456977
1370562698,10.2010218302409
1370562960,9.85098520914713
1370188560,14.5714569091797
1370417432,11.0511059231228
1370286070,2.62026256985135
1370188868,14.6614668104384
1370563264,9.99099943372938
1370285129,2.65026516384549
1370108760,5.02050187852648
1370187926,14.4614473978678
1370562353,10.1310136583116
1370418386,11.2811279296875
1370189176,14.6914694044325
1370109062,3.68036905924479
1370109360,2.9402944776747
1370563576,10.0310028923882
1370286376,2.65026516384549
1370189464,14.6414650811089
1370189760,14.7814771864149
1370286664,2.60026084052192
1370109664,2.41024017333984
1370563865,9.94099511040582
1370564162,10.1010110643175
1370108720,5.10051091512044
1370286962,2.65026516384549
1370418664,11.421144273546
1370418960,11.4911482069227
1370419267,11.5111520555284
1370564464,10.1710171169705
1370564163,10.1310136583116
1370287263,2.52025180392795
1370563268,9.99099943372938
1370418348,11.2111218770345
1370286947,2.65026516384549
1370286052,2.62026256985135
1370190063,14.751476711697
1370189742,14.7814771864149
1370188846,14.6614668104384
1370564776,10.0610054863824
1370287577,2.49024920993381
1370565065,10.1710171169705
1370565362,10.1010110643175
1370287865,2.47024748060438
1370288162,2.68026775783963
1370109960,2.41024017333984
1370565663,10.2410252888997
1370419576,11.7411740620931
1370419864,11.8611865573459
1370110260,2.60026084052192
1370288464,2.52025180392795
1370190376,14.8714870876736
1370420162,11.8311839633518
1370110561,2.70026948716905
1370565064,10.2010218302409
1370190670,14.82148276435
1370190960,14.9814987182617
1370287846,2.60026084052192
1370109643,2.39023844401042
1370191263,14.8714870876736
1370565991,10.2410252888997
1370110860,3.04030524359809
1370288782,2.60026084052192
1370190644,14.82148276435
1370420151,11.8311839633518
1370419259,11.5111520555284
1370111160,2.99029880099826
1370420464,11.9911999172635
1370566265,10.2910296122233
1370566560,10.311033460829
1370191582,14.9814987182617
1370111461,3.09030956692166
1370566864,10.2210235595703
1370420775,12.0212046305339
1370421064,12.0212046305339
1370111760,3.09030956692166
1370421362,11.9911999172635
1370191864,14.9814987182617
1370192160,15.0915103488498
1370112060,3.17031648423937
1370289064,2.47024748060438
1370289360,2.49024920993381
1370565974,10.1310136583116
1370421663,12.2012201944987
1370111439,3.09030956692166
1370110540,2.70026948716905
1370567177,10.2910296122233
1370112360,3.3003298441569
1370192468,15.0215021769206
1370567464,10.1510153876411
1370421062,12.0212046305339
1370567762,10.2010218302409
1370421988,12.1312141418457
1370288757,2.65026516384549
1370191557,14.9814987182617
1370112661,3.43034320407444
1370289664,2.68026775783963
1370112960,3.45034493340386
1370422264,12.3412344190809
1370422560,12.4112404717339
1370113264,3.45034493340386
1370192775,15.1315138075087
1370568065,10.2210235595703
1370112351,3.3003298441569
1370193064,15.1315138075087
1370193360,15.2515263027615
1370289976,2.62026256985135
1370567736,10.2010218302409
1370566836,10.2910296122233
1370422873,12.4512460496691
1370290264,2.57025824652778
1370290561,2.73027208116319
1370421962,12.1312141418457
1370113560,3.32033157348633
1370568376,10.2710278828939
1370193663,8.6208619011773
1370113860,3.45034493340386
1370568665,10.4110421074761
1370568962,10.2910296122233
1370193356,15.2515263027615
1370192467,15.0215021769206
1370114162,3.27032725016276
1370193976,6.97069803873698
1370569263,10.3610356648763
1370113258,3.45034493340386
1370114460,3.4003406100803
1370194265,5.42054282294379
1370194560,4.67046737670898
1370423176,12.5012503729926
1370290864,2.75027592976888
1370568654,10.4110421074761
1370423465,12.5412538316515
1370290557,2.65026516384549
1370289665,2.68026775783963
1370423762,12.6612663269043
1370194863,3.5803582933214
1370114760,3.43034320407444
1370291176,2.68026775783963
1370569588,10.3610356648763
1370194265,5.42054282294379
1370115061,3.27032725016276
1370569865,10.3610356648763
1370115360,3.4003406100803
1370291469,2.62026256985135
1370291762,2.70026948716905
1370570160,10.3410339355469
1370115660,3.32033157348633
1370292063,2.78027852376302
1370115064,3.27032725016276
1370114152,3.27032725016276
1370570469,10.4710472954644
1370424064,12.6112620035807
1370195184,2.36023585001628
1370115964,3.20031907823351
1370291469,2.62026256985135
1370569552,10.3610356648763
1370195464,2.41024017333984
1370195760,2.60026084052192
1370423772,12.6312637329102
1370422867,12.4512460496691
1370116261,3.27032725016276
1370292381,2.81028111775716
1370116560,3.4003406100803
1370196067,2.57025824652778
1370424375,12.751276228163
1370570777,10.451045566135
1370116863,3.27032725016276
1370196026,2.57025824652778
1370195126,2.68026775783963
1370424665,12.751276228163
1370424962,11.3511361016168
1370115920,3.4003406100803
1370571064,10.5010520087348
1370292664,2.83028284708659
1370292960,2.75027592976888
1370571362,10.4710472954644
1370425263,5.89058982001411
1370196376,2.91029188368056
1370424632,12.751276228163
1370117160,3.25032552083333
1370196664,3.07030783759223
1370196961,3.07030783759223
1370117460,3.17031648423937
1370117761,3.22032292683919
1370293229,2.81028111775716
1370292329,2.68026775783963
1370293268,2.81028111775716
1370571664,10.4110421074761
1370571366,10.4710472954644
1370570464,10.4710472954644
1370197263,3.1203121609158
1370116820,3.27032725016276
1370571976,10.4110421074761
1370118060,3.1203121609158
1370196926,2.96029620700412
1370197576,3.4003406100803
1370293576,6.06060663859049
1370425588,6.2406243218316
1370572265,10.4110421074761
1370572562,10.4710472954644
1370293864,5.99059846666124
1370294161,5.00050014919705
1370197865,3.3003298441569
1370198160,3.32033157348633
1370118360,3.1203121609158
1370425865,5.52055358886719
1370426160,5.52055358886719
1370118661,3.27032725016276
1370572863,10.5410554673937
1370572264,10.5210537380642
1370198465,3.4003406100803
1370118960,3.09030956692166
1370197844,3.3003298441569
1370426475,5.30053032769097
1370118640,3.27032725016276
1370117747,3.22032292683919
1370425532,6.48064931233724
1370119260,3.14031389024523
1370294464,3.66036732991536
1370573190,10.451045566135
1370294129,5.00050014919705
1370119561,3.20031907823351
1370426776,5.45054541693793
1370294776,2.28022893269857
1370198786,3.35033416748047
1370573465,10.5410554673937
1370199065,3.5803582933214
1370199360,3.61036088731554
1370573760,10.5210537380642
1370295066,2.52025180392795
1370295362,2.44024488661024
1370119861,3.3003298441569
1370427064,5.2505260043674
1370427361,5.45054541693793
1370120160,3.14031389024523
1370199673,3.56035656399197
1370120464,3.3003298441569
1370119538,3.20031907823351
1370574065,10.4710472954644
1370295663,2.41024017333984
1370198743,3.35033416748047
1370573165,10.5210537380642
1370295046,2.52025180392795
1370427664,5.27052773369683
1370199976,3.480347527398
1370427353,5.45054541693793
1370426432,5.3205320570204
1370200264,3.66036732991536
1370200561,3.56035656399197
1370295983,2.41024017333984
1370120760,3.14031389024523
1370574376,10.5010520087348
1370574665,10.6110615200467
1370121060,3.20031907823351
1370574962,10.5210537380642
1370121361,3.25032552083333
1370427975,5.30053032769097
1370200863,3.50034925672743
1370428265,5.42054282294379
1370296264,3.63036261664497
1370296560,6.19061999850803
1370428562,5.5005497402615
1370200555,3.56035656399197
1370199649,3.56035656399197
1370120458,3.3003298441569
1370428863,5.42054282294379
1370575264,10.6110615200467
1370121660,3.14031389024523
1370296864,8.38083902994792
1370201176,3.45034493340386
1370295946,2.39023844401042
1370574936,10.5210537380642
1370574078,10.5210537380642
1370428251,5.42054282294379
1370575576,10.5910597907172
1370429185,5.47054714626736
1370201465,3.4003406100803
1370201760,3.61036088731554
1370575865,10.5910597907172
1370576162,10.5710559421115
1370121960,3.17031648423937
1370122261,3.20031907823351
1370297177,9.73097271389431
1370576463,10.5410554673937
1370202063,3.4003406100803
1370429464,5.5005497402615
1370429760,5.47054714626736
1370201456,3.4003406100803
1370122560,3.1203121609158
1370430067,5.5005497402615
1370575836,10.451045566135
1370297464,10.5410554673937
1370297761,11.2811279296875
1370576794,10.451045566135
1370122860,3.20031907823351
1370122252,3.20031907823351
1370121353,3.25032552083333
1370202383,3.53035396999783
1370429149,5.57055791219075
1370123160,3.27032725016276
1370298064,11.6711680094401
1370297758,11.2811279296875
1370296853,8.38083902994792
1370202664,3.56035656399197
1370202960,3.35033416748047
1370577065,10.5210537380642
1370577360,10.5710559421115
1370123461,3.38033888075087
1370298376,11.9511964586046
1370430376,5.67056867811415
1370298665,12.2512266370985
1370577664,10.5410554673937
1370203268,3.32033157348633
1370123760,3.32033157348633
1370298962,12.2212219238281
1370430664,5.62056223551432
1370430961,5.6005605061849
1370576736,10.5210537380642
1370202356,3.53035396999783
1370123162,3.27032725016276
1370299263,12.4512460496691
1370124064,3.17031648423937
1370577976,10.5410554673937
1370298659,12.2512266370985
1370203577,3.3003298441569
1370431264,5.74057473076714
1370203865,3.35033416748047
1370204160,3.27032725016276
1370430964,5.5005497402615
1370430074,5.5005497402615
1370299587,12.4112404717339
1370431575,5.77057732476128
1370431865,5.79057905409071
1370432162,5.65056482950846
1370578264,10.5910597907172
1370578562,10.6410641140408
1370204463,3.04030524359809
1370299864,12.6112620035807
1370300160,12.5012503729926
1370204126,3.22032292683919
1370203273,3.32033157348633
1370124360,3.35033416748047
1370432474,5.77057732476128
1370204776,3.01030053032769
1370124660,3.35033416748047
1370124960,3.32033157348633
1370205065,3.09030956692166
1370205360,3.04030524359809
1370431862,5.79057905409071
1370578864,10.5910597907172
1370300464,12.5912602742513
1370299557,12.3812399970161
1370578557,10.6410641140408
1370577657,10.5410554673937
1370579176,10.4710472954644
1370125260,3.3003298441569
1370124020,3.22032292683919
1370205663,3.01030053032769
1370432787,5.69057040744358
1370125560,3.17031648423937
1370300776,12.5412538316515
1370205026,3.09030956692166
1370579465,10.5010520087348
1370579762,10.5710559421115
1370301064,12.521252102322
1370301362,12.5412538316515
1370205979,2.83028284708659
1370580064,10.5410554673937
1370125861,3.38033888075087
1370579456,10.5010520087348
1370433065,5.87058597140842
1370433360,5.74057473076714
1370126160,3.20031907823351
1370301664,12.5412538316515
1370206264,2.96029620700412
1370206560,2.88028717041016
1370126460,3.27032725016276
1370580393,10.5410554673937
1370301329,12.7012719048394
1370300479,12.5912602742513
1370125820,3.38033888075087
1370124920,3.35033416748047
1370206869,2.75027592976888
1370580664,10.5410554673937
1370126760,3.14031389024523
1370433664,5.84058549669054
1370205927,2.9402944776747
1370301976,12.6112620035807
1370580960,10.5910597907172
1370432770,5.69057040744358
1370581266,10.451045566135
1370302265,12.6312637329102
1370302562,12.5612576802572
1370127062,3.27032725016276
1370127360,3.35033416748047
1370433976,5.74057473076714
1370580368,10.6410641140408
1370207176,2.86028544108073
1370302863,12.5912602742513
1370126737,3.14031389024523
1370127663,3.3003298441569
1370434264,5.92059241400825
1370434562,5.89058982001411
1370207464,2.62026256985135
1370207761,2.68026775783963
1370302229,12.6312637329102
1370581576,10.6610658433702
1370581864,10.6610658433702
1370582162,10.5010520087348
1370434864,5.84058549669054
1370208064,2.78027852376302
1370434533,5.89058982001411
1370433632,5.82058376736111
1370303190,12.5612576802572
1370207747,2.68026775783963
1370206853,2.75027592976888
1370127960,3.32033157348633
1370128260,3.17031648423937
1370435175,5.97059673733181
1370582464,10.6110615200467
1370435465,6.02060106065538
1370208376,2.70026948716905
1370303465,12.7212736341688
1370303760,12.6312637329102
1370128561,3.32033157348633
1370435762,5.84058549669054
1370582169,10.5410554673937
1370581269,10.451045566135
1370127645,3.3003298441569
1370208670,2.57025824652778
1370208960,2.55025439792209
1370582776,10.5410554673937
1370128860,3.27032725016276
1370304069,12.7012719048394
1370436063,5.92059241400825
1370209263,2.47024748060438
1370303129,12.6612663269043
1370583065,10.5910597907172
1370583362,10.5210537380642
1370129160,3.32033157348633
1370435433,5.99059846666124
1370583663,10.6110615200467
1370208645,2.57025824652778
1370129461,3.25032552083333
1370209580,2.57025824652778
1370129760,3.3003298441569
1370436390,5.89058982001411
1370583076,10.5910597907172
1370304376,12.6612663269043
1370129453,3.25032552083333
1370128539,3.32033157348633
1370209864,2.47024748060438
1370210160,2.49024920993381
1370130060,3.32033157348633
1370436665,5.92059241400825
1370436960,6.11061096191406
1370583994,10.4710472954644
1370304664,12.5912602742513
1370304962,12.68127017551
1370210467,2.41024017333984
1370130360,3.27032725016276
1370209555,2.57025824652778
1370130661,3.17031648423937
1370437264,6.16061740451389
1370584264,10.5910597907172
1370584560,10.5010520087348
1370305263,12.6612663269043
1370130960,3.17031648423937
1370436348,5.92059241400825
1370584869,10.5010520087348
1370304948,12.68127017551
1370304051,12.7012719048394
1370305575,12.751276228163
1370130356,3.27032725016276
1370210776,2.31023152669271
1370131265,3.20031907823351
1370305866,12.68127017551
1370306162,12.6612663269043
1370584836,10.5210537380642
1370583936,10.4710472954644
1370211066,2.34023412068685
1370211360,2.41024017333984
1370437575,6.11061096191406
1370306464,12.68127017551
1370437864,6.21062172783746
1370438161,6.2406243218316
1370305849,12.7012719048394
1370131560,3.25032552083333
1370585176,10.5910597907172
1370211664,2.55025439792209
1370306786,12.6312637329102
1370211356,2.41024017333984
1370210469,2.47024748060438
1370585464,10.5710559421115
1370438464,6.2406243218316
1370131860,3.1203121609158
1370438151,6.2406243218316
1370437254,6.16061740451389
1370132161,2.96029620700412
1370211976,2.47024748060438
1370585762,10.6110615200467
1370307064,12.6312637329102
1370438775,6.2406243218316
1370212265,2.55025439792209
1370212560,2.49024920993381
1370307360,12.6312637329102
1370131258,3.20031907823351
1370132460,2.86028544108073
1370212863,2.41024017333984
1370307669,12.6312637329102
1370439065,6.26062605116102
1370439362,6.1406135559082
1370586063,10.4710472954644
1370132760,2.91029188368056
1370306759,12.7212736341688
1370585736,10.6110615200467
1370212266,2.55025439792209
1370586376,10.7110722859701
1370133061,2.73027208116319
1370439663,6.26062605116102
1370213182,2.47024748060438
1370586665,10.6410641140408
1370586962,10.5910597907172
1370133360,2.68026775783963
1370439062,6.16061740451389
1370133660,2.73027208116319
1370307976,12.7212736341688
1370439991,6.26062605116102
1370133021,2.78027852376302
1370132164,2.88028717041016
1370308266,12.6312637329102
1370308562,12.7912796868218
1370587263,10.5710559421115
1370213464,2.39023844401042
1370213760,2.47024748060438
1370586654,10.6410641140408
1370440265,6.36063681708442
1370133960,2.52025180392795
1370440560,6.43064286973741
1370587592,10.5910597907172
1370214027,2.36023585001628
1370213127,2.49024920993381
1370214068,2.36023585001628
1370440864,6.38063854641385
1370134261,2.60026084052192
1370134560,2.75027592976888
1370587865,10.7510757446289
1370308865,12.6312637329102
1370308561,12.7912796868218
1370307664,12.6312637329102
1370439963,6.26062605116102
1370588160,10.6410641140408
1370133921,2.65026516384549
1370134865,2.57025824652778
1370309176,12.7712779574924
1370588464,10.6610658433702
1370309466,12.7212736341688
1370309762,12.7212736341688
1370441176,6.36063681708442
1370441464,6.43064286973741
1370214376,2.39023844401042
1370587553,10.6610658433702
1370441762,6.31063249376085
1370214664,2.55025439792209
1370214960,2.57025824652778
1370310063,12.7712779574924
1370309470,12.7212736341688
1370442063,6.29062864515516
1370135160,2.68026775783963
1370588777,10.781078338623
1370441773,6.48064931233724
1370440867,6.2406243218316
1370589064,10.6410641140408
1370135460,2.75027592976888
1370442375,6.48064931233724
1370215274,2.39023844401042
1370310383,12.6612663269043
1370589362,10.7110722859701
1370135762,2.78027852376302
1370442665,6.55065536499023
1370442962,6.58065795898438
1370214927,2.44024488661024
1370134821,2.78027852376302
1370310666,12.6612663269043
1370310960,12.271228366428
1370136060,2.70026948716905
1370443263,6.48064931233724
1370215575,2.55025439792209
1370136360,2.78027852376302
1370311272,8.31083085801866
1370442633,6.33063422309028
1370589364,10.7110722859701
1370588458,10.6610658433702
1370589664,10.6610658433702
1370443594,6.55065536499023
1370136661,2.75027592976888
1370310330,12.68127017551
1370215865,2.62026256985135
1370216160,2.55025439792209
1370216463,2.52025180392795
1370443867,6.46064758300781
1370444160,6.51065190633138
1370136960,2.60026084052192
1370589976,10.7310740152995
1370136639,2.73027208116319
1370135739,2.78027852376302
1370215844,2.62026256985135
1370137260,2.73027208116319
1370311577,6.33063422309028
1370444464,6.53065363566081
1370311866,4.97049755520291
1370590265,10.6810675726997
1370590562,10.6810675726997
1370312163,4.2204221089681
1370443533,6.43064286973741
1370216782,2.57025824652778
1370590864,10.8010821872287
1370137560,2.73027208116319
1370312464,3.14031389024523
1370444777,6.51065190633138
1370590265,10.6810675726997
1370445064,6.6006596883138
1370312130,4.34043460422092
1370311230,8.81088256835938
1370137861,2.78027852376302
1370138160,2.70026948716905
1370445362,6.75067477756076
1370312776,2.23022249009874
1370217064,2.49024920993381
1370217360,2.55025439792209
1370138465,2.83028284708659
1370591189,10.8010821872287
1370137538,2.73027208116319
1370313065,2.36023585001628
1370313362,2.34023412068685
1370217669,2.41024017333984
1370445664,6.58065795898438
1370591464,10.7110722859701
1370591760,10.781078338623
1370445349,6.75067477756076
1370444433,6.7006704542372
1370216744,2.52025180392795
1370313663,2.39023844401042
1370313046,2.47024748060438
1370445977,6.7006704542372
1370592065,10.8510865105523
1370446264,6.82068294949002
1370446562,6.6306644015842
1370217977,2.52025180392795
1370591166,10.8010821872287
1370218264,2.52025180392795
1370218560,2.57025824652778
1370313983,2.28022893269857
1370446863,6.7006704542372
1370138760,2.73027208116319
1370139060,2.73027208116319
1370446254,6.82068294949002
1370139360,2.75027592976888
1370592376,10.8010821872287
1370218863,2.41024017333984
1370447190,6.73067304823134
1370314264,2.41024017333984
1370138459,2.83028284708659
1370592664,10.6810675726997
1370592962,10.8010821872287
1370139660,2.65026516384549
1370218554,2.57025824652778
1370217666,2.41024017333984
1370219176,2.47024748060438
1370314560,2.28022893269857
1370139960,2.57025824652778
1370219469,2.39023844401042
1370219760,2.47024748060438
1370314870,2.49024920993381
1370220063,2.47024748060438
1370140261,2.81028111775716
1370447465,6.85068554348416
1370447760,6.75067477756076
1370592936,10.6810675726997
1370592081,10.7310740152995
1370313946,2.44024488661024
1370593263,10.7310740152995
1370140560,2.65026516384549
1370219456,2.39023844401042
1370140860,2.68026775783963
1370140254,2.81028111775716
1370139354,2.68026775783963
1370315176,2.39023844401042
1370448064,6.77067650689019
1370220378,2.68026775783963
1370315464,2.31023152669271
1370447149,6.80068122016059
1370315762,2.41024017333984
1370593576,8.86088689168294
1370141160,2.73027208116319
1370593865,6.6006596883138
1370594162,5.3205320570204
1370220664,2.60026084052192
1370220960,2.68026775783963
1370316064,2.34023412068685
1370594464,4.32043287489149
1370221271,2.68026775783963
1370141461,2.60026084052192
1370315762,2.44024488661024
1370314852,2.34023412068685
1370316376,2.18021816677517
1370141760,2.49024920993381
1370221227,2.62026256985135
1370220369,2.68026775783963
1370593836,6.6306644015842
1370316665,2.18021816677517
1370316962,2.07020653618707
1370594793,2.96029620700412
1370142064,2.70026948716905
1370448376,6.80068122016059
1370317263,2.05020480685764
1370141162,2.73027208116319
1370448664,6.94069332546658
1370448962,6.87068727281359
1370221576,2.47024748060438
1370221864,2.55025439792209
1370222161,2.52025180392795
1370595065,1.86018625895182
1370595360,0.900090535481771
1370316659,2.18021816677517
1370595664,0.220021141899957
1370317585,2.0202022128635
1370142360,2.57025824652778
1370222464,2.49024920993381
1370594736,3.07030783759223
1370449264,6.90068986680773
1370142660,2.60026084052192
1370222127,2.52025180392795
1370142961,2.68026775783963
1370448963,6.87068727281359
1370448067,6.80068122016059
1370317864,2.15021557278103
1370222776,2.68026775783963
1370318160,1.89018885294596
1370223068,2.60026084052192
1370143260,2.52025180392795
1370142021,2.62026256985135
1370449576,6.97069803873698
1370223360,2.75027592976888
1370595976,-0.190018547905816
1370318465,1.86018625895182
1370223663,2.78027852376302
1370143560,2.47024748060438
1370449865,6.92069159613715
1370318430,1.86018625895182
1370317568,1.97019788953993
1370450162,6.92069159613715
1370596265,0.440044403076172
1370596562,0.760076310899523
1370143861,2.65026516384549
1370223027,2.68026775783963
1370450463,6.94069332546658
1370144160,2.65026516384549
1370223979,2.60026084052192
1370449865,7.0607058207194
1370318776,1.91019058227539
1370144460,2.75027592976888
1370319064,1.73017289903429
1370143821,2.70026948716905
1370142921,2.60026084052192
1370450787,7.04070409138997
1370319362,1.86018625895182
1370596864,0.790078904893663
1370224264,2.70026948716905
1370596554,0.760076310899523
1370595657,0.220021141899957
1370144760,2.70026948716905
1370597176,0.840083228217231
1370224560,2.86028544108073
1370319664,2.49024920993381
1370451065,7.04070409138997
1370451360,7.11071226331923
1370224868,2.78027852376302
1370597466,0.980097452799479
1370597762,1.94019317626953
1370319330,1.86018625895182
1370319975,3.63036261664497
1370145061,2.78027852376302
1370451664,7.11071226331923
1370598063,0.350034501817491
1370223943,2.62026256985135
1370145360,2.57025824652778
1370320266,3.07030783759223
1370320562,2.99029880099826
1370450771,6.97069803873698
1370145664,2.62026256985135
1370144743,2.70026948716905
1370597454,0.980097452799479
1370451977,8.88088862101237
1370225176,2.88028717041016
1370320863,2.78027852376302
1370598393,-0.580057568020291
1370320230,3.3003298441569
1370452266,9.99099943372938
1370452562,10.6110615200467
1370225464,2.96029620700412
1370225761,2.99029880099826
1370321184,2.57025824652778
1370598665,-0.930093129475911
1370145960,2.81028111775716
1370598960,-1.24012417263455
1370321464,2.44024488661024
1370321760,2.10020913018121
1370146260,2.81028111775716
1370146561,2.62026256985135
1370599268,-1.66016578674316
1370452864,10.9610960218641
1370226063,2.78027852376302
1370225744,2.99029880099826
1370224848,2.78027852376302
1370452533,10.6110615200467
1370451633,7.11071226331923
1370322069,2.13021384345161
1370145643,2.62026256985135
1370598364,-0.49004872639974
1370453176,9.14091534084744
1370226376,2.83028284708659
1370146860,2.78027852376302
1370321147,2.57025824652778
1370453465,6.43064286973741
1370453762,5.10051091512044
1370226665,2.9402944776747
1370226960,2.9402944776747
1370599576,-1.75017462836372
1370147160,2.70026948716905
1370599864,-2.09020932515462
1370227263,2.86028544108073
1370600163,-1.9701968299018
1370322377,1.99019961886936
1370453433,6.73067304823134
1370454063,7.33073340521918
1370322665,1.91019058227539
1370147461,2.78027852376302
1370322962,2.9402944776747
1370226656,2.9402944776747
1370147760,2.86028544108073
1370147453,2.78027852376302
1370146540,2.68026775783963
1370227583,3.01030053032769
1370148060,2.68026775783963
1370454388,9.12091149224175
1370600463,-2.29022873772515
1370323264,3.14031389024523
1370600167,-2.17021730211046
1370599275,-1.66016578674316
1370322948,2.9402944776747
1370322053,2.13021384345161
1370148360,2.73027208116319
1370227864,2.81028111775716
1370228160,2.99029880099826
1370323576,2.83028284708659
1370600775,-2.37023671468099
1370454665,9.96099683973524
1370454960,10.3410339355469
1370148661,2.81028111775716
1370148960,2.83028284708659
1370323865,2.57025824652778
1370324162,2.36023585001628
1370455264,7.50075022379557
1370149265,2.83028284708659
1370324463,1.97019788953993
1370148352,2.73027208116319
1370228468,2.9402944776747
1370227558,2.96029620700412
1370601065,-2.40024036831326
1370454350,9.10090976291233
1370323860,2.57025824652778
1370601362,-2.49024920993381
1370601663,-2.8402837117513
1370324783,1.91019058227539
1370455576,5.2505260043674
1370455864,4.02040269639757
1370601075,-2.40024036831326
1370456161,2.62026256985135
1370325065,1.81018193562826
1370325360,3.09030956692166
1370601991,-2.75027487013075
1370228777,2.81028111775716
1370229066,2.83028284708659
1370229361,2.78027852376302
1370149561,2.83028284708659
1370149860,3.27032725016276
1370456464,0.900090535481771
1370602265,-3.04030418395996
1370602561,-2.86028544108073
1370150162,3.480347527398
1370324759,1.91019058227539
1370325668,3.27032725016276
1370456154,2.62026256985135
1370455255,7.50075022379557
1370229663,2.75027592976888
1370150460,3.68036905924479
1370229366,2.78027852376302
1370228462,2.9402944776747
1370456775,-0.220022201538086
1370602864,-2.92029274834527
1370149260,2.83028284708659
1370601936,-3.01030053032769
1370457067,-1.3801383972168
1370457362,-2.23022354973687
1370229994,2.70026948716905
1370230268,2.73027208116319
1370230560,2.83028284708659
1370603176,-3.01030053032769
1370325976,2.75027592976888
1370150760,3.68036905924479
1370230864,2.86028544108073
1370326265,2.47024748060438
1370457663,-3.04030418395996
1370326562,2.2002198961046
1370151061,3.91039106580946
1370457066,-1.3801383972168
1370230227,2.88028717041016
1370457990,-3.72037251790365
1370603465,-3.01030053032769
1370603762,-3.22032186720106
1370151360,4.52045228746202
1370326864,1.97019788953993
1370151660,5.00050014919705
1370151021,3.86038674248589
1370150164,3.480347527398
1370231185,2.73027208116319
1370326573,2.2002198961046
1370325663,3.27032725016276
1370458265,-4.59045939975315
1370458560,-5.18051783243815
1370327176,1.70017030504015
1370231464,2.68026775783963
1370231760,2.65026516384549
1370327465,2.91029188368056
1370327762,3.27032725016276
1370151965,5.45054541693793
1370458864,-5.74057473076714
1370328063,2.91029188368056
1370603736,-3.22032186720106
1370602836,-3.16031667921278
1370604063,-2.92029274834527
1370457965,-3.72037251790365
1370232068,2.57025824652778
1370152261,5.57055791219075
1370152560,5.77057732476128
1370232027,2.57025824652778
1370231127,2.83028284708659
1370604375,-3.13031302558051
1370327430,2.91029188368056
1370604665,-2.95029534233941
1370604963,-2.81028111775716
1370152865,6.02060106065538
1370151921,5.35053465101454
1370328383,2.49024920993381
1370232376,2.70026948716905
1370459176,-5.87058703104655
1370232665,2.70026948716905
1370232960,2.75027592976888
1370459464,-6.41064114040799
1370459762,-6.19061999850803
1370605263,-2.86028544108073
1370328664,2.41024017333984
1370328960,2.13021384345161
1370604654,-2.95029534233941
1370329271,1.76017549302843
1370460063,-5.93059327867296
1370233263,2.60026084052192
1370329230,1.70017030504015
1370328330,2.65026516384549
1370459776,-6.22062259250217
1370458869,-5.74057473076714
1370605585,-2.78027852376302
1370460376,-5.55055618286133
1370232943,2.75027592976888
1370460669,-5.43054368760851
1370329576,2.49024920993381
1370460962,-5.49054887559679
1370329865,3.480347527398
1370233575,2.70026948716905
1370461263,-6.03060404459635
1370330162,2.91029188368056
1370605865,-2.75027487013075
1370606160,-2.81028111775716
1370233864,2.57025824652778
1370234160,2.57025824652778
1370460633,-5.43054368760851
1370330463,2.62026256985135
1370234463,2.75027592976888
1370461588,-6.22062259250217
1370330151,2.91029188368056
1370606464,-2.8402837117513
1370330775,2.49024920993381
1370605554,-2.78027852376302
1370233845,2.57025824652778
1370234788,2.73027208116319
1370331064,2.10020913018121
1370461865,-6.22062259250217
1370331362,1.89018885294596
1370606775,-2.72027227613661
1370462160,-6.00060039096408
1370235065,2.73027208116319
1370235360,2.60026084052192
1370331663,1.65016598171658
1370607064,-2.75027487013075
1370607362,-2.75027487013075
1370462464,-5.55055618286133
1370331047,2.10020913018121
1370461533,-6.51065190633138
1370235674,2.57025824652778
1370331987,2.55025439792209
1370234745,2.70026948716905
1370607674,-2.69026862250434
1370462777,-5.84058443705241
1370332265,3.53035396999783
1370332560,3.1203121609158
1370607367,-2.75027487013075
1370606458,-2.8402837117513
1370332875,2.83028284708659
1370463064,-6.54065450032552
1370463362,-6.19061999850803
1370235976,3.35033416748047
1370607975,-2.57025718688965
1370236265,3.68036905924479
1370236561,3.66036732991536
1370331951,2.55025439792209
1370333178,2.49024920993381
1370463663,-5.9605958726671
1370608265,-2.8402837117513
1370608562,-2.75027487013075
1370333465,2.52025180392795
1370333762,2.34023412068685
1370463350,-6.19061999850803
1370462433,-5.55055618286133
1370236863,3.86038674248589
1370608864,-2.8402837117513
1370463976,-5.93059327867296
1370464270,-5.62056223551432
1370464562,-5.74057473076714
1370236558,3.66036732991536
1370235662,2.57025824652778
1370237176,4.02040269639757
1370608265,-2.75027487013075
1370464863,-6.3506359524197
1370237464,4.09040874905056
1370237760,4.70046997070313
1370334064,2.05020480685764
1370238063,5.12051264444987
1370333760,2.34023412068685
1370332869,2.83028284708659
1370334375,1.76017549302843
1370464251,-5.62056223551432
1370465186,-6.32063335842556
1370609178,-2.69026862250434
1370334665,1.76017549302843
1370334962,2.18021816677517
1370237456,4.09040874905056
1370609464,-2.890289094713
1370609760,-2.6602660285102
1370335263,3.1203121609158
1370465466,-5.93059327867296
1370465760,-5.62056223551432
1370238383,5.67056867811415
1370466064,-5.40054109361437
1370334659,1.76017549302843
1370610064,-2.63026343451606
1370335589,3.25032552083333
1370238664,5.72057088216146
1370238960,5.94059414333767
1370609164,-2.78027852376302
1370465154,-6.32063335842556
1370466377,-2.23022354973687
1370335865,2.91029188368056
1370336160,2.75027592976888
1370239268,6.21062172783746
1370466664,6.26062605116102
1370610375,-2.69026862250434
1370466961,6.36063681708442
1370610664,-2.6602660285102
1370610964,-2.75027487013075
1370239227,6.21062172783746
1370238366,5.67056867811415
1370336466,2.60026084052192
1370335571,3.25032552083333
1370467264,4.07040701972114
1370239576,6.21062172783746
1370336776,2.65026516384549
1370466965,6.36063681708442
1370466071,-5.40054109361437
1370239865,6.29062864515516
1370467576,2.28022893269857
1370240160,6.48064931233724
1370467870,0.570057762993707
1370337064,3.27032725016276
1370337361,3.50034925672743
1370610937,-2.78027852376302
1370610082,-2.63026343451606
1370468162,-0.710070927937826
1370611265,-2.6602660285102
1370468463,-1.69016944037543
1370240463,6.53065363566081
1370337664,3.63036261664497
1370611575,-2.63026343451606
1370240127,6.53065363566081
1370468788,-2.92029274834527
1370337975,3.63036261664497
1370467877,0.570057762993707
1370337330,3.45034493340386
1370336430,2.78027852376302
1370611865,-2.8402837117513
1370612163,-2.69026862250434
1370240776,6.75067477756076
1370338265,3.81038029988607
1370338562,6.16061740451389
1370241071,6.80068122016059
1370612463,-2.86028544108073
1370241360,6.82068294949002
1370469065,-3.75037511189779
1370469360,-4.47044690450033
1370241664,6.99069976806641
1370611837,-2.60025978088379
1370469665,-4.84048419528537
1370338863,2.55025439792209
1370338230,3.7603759765625
1370612785,-2.8402837117513
1370241027,6.77067650689019
1370241980,7.09070841471354
1370468733,-2.78027852376302
1370613064,-2.69026862250434
1370339190,2.52025180392795
1370613360,-2.81028111775716
1370242264,7.21072090996636
1370242560,7.21072090996636
1370339465,1.65016598171658
1370339760,2.2002198961046
1370469976,-5.55055618286133
1370242868,7.38073984781901
1370613664,-2.81028111775716
1370470265,-6.12061182657878
1370612737,-2.8402837117513
1370470562,-6.41064114040799
1370340064,2.31023152669271
1370241944,7.09070841471354
1370339149,2.52025180392795
1370613976,-2.6602660285102
1370243176,7.450745900472
1370614264,-2.890289094713
1370614562,-2.890289094713
1370470864,-6.25062518649631
1370470533,-6.41064114040799
1370469633,-4.84048419528537
1370243465,7.69076877170139
1370243761,7.79077953762478
1370340376,2.13021384345161
1370340664,2.18021816677517
1370340962,1.99019961886936
1370471176,-6.09060923258463
1370471467,-5.710572136773
1370471762,-5.3705374399821
1370244064,7.79077953762478
1370614864,-2.890289094713
1370341264,1.86018625895182
1370472063,-6.06060663859049
1370243748,7.79077953762478
1370242848,7.38073984781901
1370244376,8.03080240885417
1370615175,-2.78027852376302
1370614554,-2.890289094713
1370613660,-2.81028111775716
1370471453,-5.710572136773
1370340948,1.99019961886936
1370340055,2.31023152669271
1370615465,-2.63026343451606
1370615763,-2.92029274834527
1370472392,-6.51065190633138
1370244666,8.00079981486003
1370244960,8.07080798678928
1370341576,1.86018625895182
1370341865,1.70017030504015
1370616063,-2.92029274834527
1370342162,1.62016126844618
1370245263,8.19081836276584
1370472666,-6.48064825269911
1370342473,1.78017722235786
1370472960,-6.00060039096408
1370244660,8.00079981486003
1370615457,-2.63026343451606
1370245582,8.38083902994792
1370616385,-2.78027852376302
1370473264,-5.81058078342014
1370341860,1.70017030504015
1370342786,1.41014099121094
1370616665,-2.78027852376302
1370616960,-2.81028111775716
1370245864,8.38083902994792
1370246160,8.53085411919488
1370472358,-6.51065190633138
1370617270,-2.72027227613661
1370246469,8.60086017184787
1370343065,2.36023585001628
1370245558,8.38083902994792
1370473576,-5.93059327867296
1370473864,-6.28062884012858
1370474161,-6.61066161261664
1370343360,2.47024748060438
1370616369,-2.78027852376302
1370617576,-2.78027852376302
1370343665,2.60026084052192
1370246776,8.72087266710069
1370247064,8.81088256835938
1370617864,-2.86028544108073
1370618163,-2.75027487013075
1370247360,8.86088689168294
1370342758,1.41014099121094
1370474463,-6.22062259250217
1370474163,-6.61066161261664
1370473257,-5.81058078342014
1370474775,-5.65056482950846
1370475066,-5.52055252922906
1370343976,2.73027208116319
1370475362,-5.84058443705241
1370247663,9.05090543958876
1370618465,-2.69026862250434
1370344264,2.78027852376302
1370344561,2.83028284708659
1370618181,-2.75027487013075
1370617279,-2.6602660285102
1370475663,-6.19061999850803
1370247367,8.95089467366537
1370246464,8.60086017184787
1370618775,-2.6602660285102
1370619065,-2.86028544108073
1370344864,2.83028284708659
1370475064,-5.52055252922906
1370619363,-2.81028111775716
1370247976,9.17091793484158
1370248265,9.24092398749457
1370248560,9.21092139350043
1370619663,-2.72027227613661
1370344570,2.83028284708659
1370343665,2.60026084052192
1370475993,-6.44064373440213
1370345176,2.9402944776747
1370248863,9.31093215942383
1370345465,2.9402944776747
1370345762,2.81028111775716
1370619037,-2.72027227613661
1370619985,-2.78027852376302
1370346063,2.9402944776747
1370248227,9.24092398749457
1370620264,-2.78027852376302
1370476264,-6.16061634487576
1370476560,-5.62056223551432
1370249183,9.38093821207682
1370620560,-2.8402837117513
1370345430,2.83028284708659
1370620864,-2.72027227613661
1370249464,9.4709481133355
1370249760,9.66096666124132
1370476864,-5.84058443705241
1370346383,3.04030524359809
1370475963,-6.3506359524197
1370250068,9.7509765625
1370619937,-2.95029534233941
1370346665,2.91029188368056
1370346960,2.9402944776747
1370621176,-2.72027227613661
1370249127,9.35093561808268
1370477175,-6.28062884012858
1370621465,-2.78027852376302
1370621763,-2.95029534233941
1370477464,-6.57065709431966
1370347269,3.07030783759223
1370477763,-6.06060663859049
1370250376,9.7509765625
1370250664,9.85098520914713
1370250960,9.85098520914713
1370347230,3.07030783759223
1370346330,3.01030053032769
1370347576,3.1203121609158
1370622074,-2.92029274834527
1370347864,3.17031648423937
1370348162,3.01030053032769
1370251263,10.0310028923882
1370621755,-2.95029534233941
1370620837,-2.92029274834527
1370622376,-2.69026862250434
1370478063,-5.77057732476128
1370250944,9.85098520914713
1370251575,10.0310028923882
1370250027,9.68096839057075
1370622665,-2.8402837117513
1370622962,-2.92029274834527
1370348464,3.04030524359809
1370251864,10.1510153876411
1370477733,-6.06060663859049
1370476878,-5.74057473076714
1370478375,-5.59055964152018
1370252160,10.1710171169705
1370478666,-6.03060404459635
1370348150,3.01030053032769
1370252463,4.45044623480903
1370478962,-6.51065190633138
1370348776,3.04030524359809
1370479263,-6.3506359524197
1370349065,3.25032552083333
1370349362,3.22032292683919
1370251848,10.1510153876411
1370349664,3.27032725016276
1370479593,-5.84058443705241
1370252781,3.43034320407444
1370478633,-5.9605958726671
1370253065,2.07020653618707
1370253360,2.10020913018121
1370349049,3.25032552083333
1370622657,-2.8402837117513
1370349986,3.32033157348633
1370252744,3.43034320407444
1370253670,1.89018885294596
1370479864,-5.6805674235026
1370480160,-6.25062518649631
1370350265,3.32033157348633
1370350560,3.27032725016276
1370480463,-6.57065709431966
1370479533,-5.90059068467882
1370350864,3.27032725016276
1370253976,1.73017289903429
1370349948,3.35033416748047
1370623263,-2.86028544108073
1370254264,1.70017030504015
1370351176,3.22032292683919
1370254565,2.2002198961046
1370480776,-6.38063854641385
1370351464,3.4003406100803
1370481064,-5.81058078342014
1370481362,-5.710572136773
1370351762,3.50034925672743
1370623585,-2.98029793633355
1370623864,-2.86028544108073
1370624160,-2.890289094713
1370352074,3.45034493340386
1370481663,-6.09060923258463
1370624469,-2.890289094713
1370351761,3.50034925672743
1370350866,3.27032725016276
1370352375,3.32033157348633
1370481351,-5.710572136773
1370480456,-6.57065709431966
1370352664,3.480347527398
1370352962,3.38033888075087
1370623555,-2.98029793633355
1370481976,-6.32063335842556
1370254863,2.26022508409288
1370482269,-6.3506359524197
1370482562,-5.6805674235026
1370254555,2.2002198961046
1370253660,1.89018885294596
1370255175,2.41024017333984
1370624776,-0.410040749443902
1370625065,-0.0300025939941406
1370482863,-5.65056482950846
1370625363,-0.580057568020291
1370255469,2.26022508409288
1370353263,3.53035396999783
1370352659,3.480347527398
1370255770,2.26022508409288
1370482253,-6.3506359524197
1370625665,-1.1001099480523
1370353586,3.61036088731554
1370625975,-1.80018001132541
1370483190,-6.06060663859049
1370625369,-0.580057568020291
1370624473,-2.890289094713
1370626265,-2.06020567152235
1370626562,-2.40024036831326
1370255456,2.26022508409288
1370483465,-6.28062884012858
1370353864,3.43034320407444
1370354160,3.50034925672743
1370626863,-2.6602660285102
1370483760,-6.3506359524197
1370354470,3.56035656399197
1370484067,-6.00060039096408
1370626266,-2.06020567152235
1370627186,-3.10031043158637
1370353570,3.480347527398
1370483162,-5.9605958726671
1370354776,3.73037338256836
1370627464,-3.3003298441569
1370627760,-3.36033609178331
1370484376,-5.49054887559679
1370355064,3.56035656399197
1370355362,3.63036261664497
1370628064,-3.60036002265082
1370484664,-5.49054887559679
1370484964,-5.93059327867296
1370627177,-3.10031043158637
1370485263,-6.32063335842556
1370628376,-3.84038395351834
1370355664,3.63036261664497
1370628665,-3.96039644877116
1370628962,-3.93039279513889
1370355331,3.7603759765625
1370354431,3.56035656399197
1370484967,-5.93059327867296
1370484071,-6.00060039096408
1370355975,3.68036905924479
1370356265,3.04030524359809
1370356562,2.55025439792209
1370485576,-6.06060663859049
1370629263,-4.17041778564453
1370485866,-5.710572136773
1370486162,-5.74057473076714
1370356863,2.44024488661024
1370629576,-4.23042297363281
1370628938,-3.93039279513889
1370628038,-3.60036002265082
1370486463,-6.22062259250217
1370629865,-4.32043287489149
1370357185,2.31023152669271
1370630162,-4.17041778564453
1370356231,3.43034320407444
1370630474,-4.20042037963867
1370485877,-5.710572136773
1370486786,-6.57065709431966
1370357465,2.07020653618707
1370357760,2.05020480685764
1370630786,-4.26042662726508
1370358067,2.10020913018121
1370629838,-4.32043287489149
1370631064,-4.47044690450033
1370487065,-6.19061999850803
1370487360,-5.6805674235026
1370631360,-4.29042922125922
1370358376,2.0202022128635
1370357147,2.31023152669271
1370631666,-4.35043546888563
1370358664,1.81018193562826
1370358962,1.8401845296224
1370487664,-6.03060404459635
1370630760,-4.26042662726508
1370359264,1.68016857571072
1370486733,-6.51065190633138
1370631976,-4.56045574612088
1370632265,-4.41044065687391
1370359575,1.62016126844618
1370487976,-6.25062518649631
1370632562,-4.47044690450033
1370488264,-6.61066161261664
1370358948,1.8401845296224
1370358054,2.10020913018121
1370359865,2.39023844401042
1370360162,2.44024488661024
1370488564,-5.87058703104655
1370360464,2.70026948716905
1370632864,-4.59045939975315
1370488864,-5.59055964152018
1370359861,2.39023844401042
1370633175,-4.53045315212674
1370360784,2.65026516384549
1370632555,-4.5004505581326
1370631659,-4.35043546888563
1370489175,-5.710572136773
1370488534,-5.74057473076714
1370487633,-5.81058078342014
1370633465,-4.41044065687391
1370633762,-4.44044431050618
1370361065,2.62026256985135
1370489465,-5.9605958726671
1370489762,-6.28062884012858
1370361360,2.68026775783963
1370634064,-4.59045939975315
1370490063,-6.54065450032552
1370361668,2.70026948716905
1370633468,-4.41044065687391
1370490390,-5.9605958726671
1370489449,-5.9605958726671
1370634385,-4.38043806287977
1370360760,2.60026084052192
1370361976,2.88028717041016
1370634665,-4.59045939975315
1370362264,2.78027852376302
1370634960,-4.59045939975315
1370362562,2.99029880099826
1370490664,-5.65056482950846
1370490960,-5.87058703104655
1370635264,-4.59045939975315
1370362864,2.88028717041016
1370491264,-6.16061634487576
1370363176,2.78027852376302
1370634366,-4.38043806287977
1370490351,-6.00060039096408
1370363467,2.81028111775716
1370363762,2.91029188368056
1370362574,2.88028717041016
1370361667,2.70026948716905
1370635577,-4.53045315212674
1370491576,-6.64066420661079
1370491864,-5.84058443705241
1370492175,-5.43054368760851
1370364064,3.01030053032769
1370635865,-4.59045939975315
1370636162,-4.69046910603841
1370363431,2.91029188368056
1370364385,3.09030956692166
1370492464,-5.81058078342014
1370364664,3.09030956692166
1370364960,3.01030053032769
1370492775,-6.16061634487576
1370492162,-5.43054368760851
1370491255,-6.16061634487576
1370636463,-4.5004505581326
1370365265,3.17031648423937
1370636177,-4.69046910603841
1370635270,-4.65046564737956
1370493065,-6.48064825269911
1370493362,-6.22062259250217
1370636776,-4.69046910603841
1370637065,-4.72047170003255
1370364331,3.1203121609158
1370365576,4.37043719821506
1370365864,3.63036261664497
1370637362,-4.53045315212674
1370366161,2.39023844401042
1370493663,-5.77057732476128
1370637663,-4.59045939975315
1370493065,-6.48064825269911
1370493990,-5.59055964152018
1370637038,-4.59045939975315
1370366464,2.28022893269857
1370637979,-4.65046564737956
1370366776,2.2002198961046
1370494264,-5.90059068467882
1370494560,-6.12061182657878
1370366147,2.39023844401042
1370365231,3.1203121609158
1370367069,1.97019788953993
1370367362,1.89018885294596
1370638264,-4.56045574612088
1370494867,-6.32063335842556
1370638560,-4.53045315212674
1370638864,-4.62046199374729
1370367663,1.68016857571072
1370493964,-5.6805674235026
1370495176,-6.12061182657878
1370367989,2.44024488661024
1370637938,-4.65046564737956
1370367053,1.97019788953993
1370639176,-1.60015953911675
1370495464,-5.55055618286133
1370495765,-5.74057473076714
1370639466,1.97019788953993
1370639762,4.45044623480903
1370368264,3.50034925672743
1370368560,2.99029880099826
1370496063,-6.12061182657878
1370368873,2.91029188368056
1370495734,-5.74057473076714
1370494881,-6.32063335842556
1370496375,-6.19061999850803
1370640063,6.48064931233724
1370369176,2.62026256985135
1370496665,-6.54065450032552
1370367966,2.44024488661024
1370496962,-6.22062259250217
1370639755,4.45044623480903
1370638838,-4.47044690450033
1370640376,8.10081058078342
1370497263,-5.3705374399821
1370640665,8.84088516235352
1370640962,9.21092139350043
1370369464,2.13021384345161
1370369762,1.94019317626953
1370496634,-6.54065450032552
1370641263,9.49094984266493
1370497587,-6.03060404459635
1370370064,2.44024488661024
1370640654,8.84088516235352
1370370375,3.25032552083333
1370497864,-6.00060039096408
1370498160,-6.61066161261664
1370641586,9.66096666124132
1370369763,1.94019317626953
1370368867,2.91029188368056
1370370667,2.99029880099826
1370370962,2.75027592976888
1370498466,-6.12061182657878
1370641864,9.85098520914713
1370642160,9.96099683973524
1370371264,2.15021557278103
1370642468,10.0810072157118
1370497534,-5.84058443705241
1370370675,2.99029880099826
1370371591,1.70017030504015
1370498776,-5.87058703104655
1370641560,9.66096666124132
1370499064,-5.65056482950846
1370499364,-6.00060039096408
1370642776,10.1310136583116
1370371864,2.47024748060438
1370372160,3.4003406100803
1370643064,10.1010110643175
1370643363,10.2710278828939
1370372464,3.04030524359809
1370499664,-6.38063854641385
1370371531,1.91019058227539
1370643664,10.2210235595703
1370499351,-6.00060039096408
1370498453,-6.12061182657878
1370372776,2.49024920993381
1370499975,-6.7006704542372
1370373064,1.91019058227539
1370373361,2.18021816677517
1370643976,10.2010218302409
1370643369,10.1710171169705
1370642477,10.0110032823351
1370644265,10.1310136583116
1370644562,10.1710171169705
1370500265,-5.93059327867296
1370500562,-5.59055964152018
1370373664,3.14031389024523
1370500863,-6.12061182657878
1370644863,10.2410252888997
1370373976,3.22032292683919
1370373331,1.94019317626953
1370372431,3.04030524359809
1370501186,-6.3506359524197
1370500255,-5.93059327867296
1370374266,2.81028111775716
1370374562,2.05020480685764
1370644268,10.1310136583116
1370645185,10.2010218302409
1370501464,-6.16061634487576
1370501760,-5.62056223551432
1370502064,-5.710572136773
1370374864,1.62016126844618
1370645464,10.2410252888997
1370645760,10.2210235595703
1370374248,2.81028111775716
1370646064,10.3610356648763
1370501164,-6.28062884012858
1370375190,2.88028717041016
1370502376,-5.74057473076714
1370502664,-5.9605958726671
1370502964,-6.48064825269911
1370645177,10.2710278828939
1370375465,3.50034925672743
1370375760,2.91029188368056
1370646376,10.2410252888997
1370376064,2.34023412068685
1370646665,10.2710278828939
1370646963,10.2410252888997
1370375148,2.68026775783963
1370376376,1.89018885294596
1370503263,-6.22062259250217
1370502962,-6.48064825269911
1370502067,-5.710572136773
1370647264,10.2710278828939
1370503575,-5.74057473076714
1370376664,2.68026775783963
1370376962,3.25032552083333
1370647576,10.2210235595703
1370646938,10.2410252888997
1370646038,10.3610356648763
1370503865,-5.77057732476128
1370504162,-5.710572136773
1370647866,10.311033460829
1370648162,10.3410339355469
1370504463,-6.09060923258463
1370377264,2.91029188368056
1370648463,10.2710278828939
1370376960,3.43034320407444
1370376053,2.34023412068685
1370377576,2.34023412068685
1370377865,1.81018193562826
1370378162,2.49024920993381
1370503874,-5.77057732476128
1370647838,10.2910296122233
1370504790,-6.28062884012858
1370648785,10.2710278828939
1370378465,3.25032552083333
1370505064,-6.48064825269911
1370505360,-5.62056223551432
1370649064,10.3410339355469
1370649360,10.2910296122233
1370378786,2.9402944776747
1370505665,-5.6805674235026
1370377860,1.70017030504015
1370379065,2.36023585001628
1370379360,1.8401845296224
1370649665,10.2410252888997
1370505976,-6.09060923258463
1370504734,-6.3506359524197
1370379665,2.60026084052192
1370648755,10.2710278828939
1370506264,-6.09060923258463
1370506563,-6.32063335842556
1370649976,10.2210235595703
1370378761,3.09030956692166
1370379976,5.10051091512044
1370380264,5.37053849962023
1370380561,4.47044796413845
1370650265,10.2910296122233
1370650563,10.2410252888997
1370506864,-6.03060404459635
1370507175,-5.65056482950846
1370650864,10.2910296122233
1370506534,-6.32063335842556
1370505634,-5.6805674235026
1370380864,2.65026516384549
1370507465,-5.9605958726671
1370507762,-6.16061634487576
1370651175,10.2210235595703
1370380532,4.65046564737956
1370379678,2.78027852376302
1370650557,10.2410252888997
1370649657,10.2410252888997
1370508063,-6.32063335842556
1370381175,1.91019058227539
1370651465,10.3610356648763
1370651762,10.2710278828939
1370381468,2.70026948716905
1370381762,3.22032292683919
1370652063,10.311033460829
1370507451,-5.9605958726671
1370508393,-6.44064373440213
1370508664,-5.9605958726671
1370508960,-5.33053292168511
1370652380,10.3610356648763
1370651469,10.3610356648763
1370381432,2.60026084052192
1370652665,10.3410339355469
1370652960,10.2910296122233
1370509272,-5.93059327867296
1370653264,10.3610356648763
1370509577,-5.9605958726671
1370508352,-6.51065190633138
1370653576,10.3810373942057
1370509864,-5.15051523844401
1370510164,-4.72047170003255
1370652372,10.3610356648763
1370653866,10.3410339355469
1370654163,10.311033460829
1370510464,-4.47044690450033
1370510775,-4.02040269639757
1370654463,10.3810373942057
1370511066,-3.66036627027724
1370511362,1.11011081271701
1370654776,10.3810373942057
1370510163,-4.72047170003255
1370509255,-5.93059327867296
1370511664,3.35033416748047
1370655066,10.311033460829
1370655363,10.3810373942057
1370654176,10.3610356648763
1370653271,10.2710278828939
1370655663,10.3410339355469
1370511995,1.86018625895182
1370511064,-3.66036627027724
1370512264,1.99019961886936
1370655985,10.2910296122233
1370512560,1.44014358520508
1370655038,10.3610356648763
1370512871,1.19011984931098
1370656265,10.2910296122233
1370656560,10.2410252888997
1370656864,10.4310438368056
1370513177,0.87008794148763
1370511965,1.86018625895182
1370513464,0.710071987575955
1370513762,0.350034501817491
1370657176,10.3410339355469
1370655938,10.2910296122233
1370657466,10.451045566135
1370514063,0.190018547905816
1370657763,10.451045566135
1370514375,-0.140014224582248
1370514665,-0.470046997070313
1370514962,-0.660065544976128
1370658063,10.451045566135
1370513734,0.350034501817491
1370512883,1.2801276312934
1370515264,-0.880087746514214
1370658376,10.5410554673937
1370658665,10.4710472954644
1370658962,10.4110421074761
1370515594,-0.990099377102322
1370657755,10.451045566135
1370656838,10.4310438368056
1370514634,-0.470046997070313
1370659263,10.5710559421115
1370515866,-1.21012157864041
1370516160,-1.52015262179905
1370659585,10.5210537380642
1370516472,-1.75017462836372
1370659865,10.451045566135
1370658655,10.4710472954644
1370660160,10.451045566135
1370660464,10.5010520087348
1370516776,-1.89018885294596
1370515534,-1.07010735405816
1370517064,-2.23022354973687
1370517362,-2.29022873772515
1370660776,10.5910597907172
1370661065,10.5410554673937
1370659558,10.5210537380642
1370661363,10.5410554673937
1370517666,-2.72027227613661
1370517976,-2.92029274834527
1370661663,10.4310438368056
1370518266,-2.98029793633355
1370518562,-3.36033609178331
1370517351,-2.29022873772515
1370516455,-1.75017462836372
1370661975,10.5910597907172
1370518863,-3.33033349778917
1370662265,10.5910597907172
1370662562,10.5410554673937
1370661369,10.5410554673937
1370660472,10.5010520087348
1370519190,-3.63036367628309
1370662863,10.451045566135
1370518265,-2.98029793633355
1370519464,-3.78037770589193
1370519760,-3.8103813595242
1370663186,10.5410554673937
1370520068,-3.63036367628309
1370662267,10.5910597907172
1370663465,10.5910597907172
1370663760,10.5410554673937
1370664064,10.5210537380642
1370520376,-3.16031667921278
1370519165,-3.63036367628309
1370520664,-3.04030418395996
1370520962,-2.75027487013075
1370664376,10.6410641140408
1370521264,-2.8402837117513
1370663176,10.5410554673937
1370664665,10.9110916985406
1370664963,10.8010821872287
1370521577,-2.57025718688965
1370520974,-2.75027487013075
1370520070,-3.63036367628309
1370521865,-2.6602660285102
1370665264,10.5210537380642
1370522162,-2.63026343451606
1370522464,-2.78027852376302
1370665576,10.5410554673937
1370664938,10.8010821872287
1370664038,10.5210537380642
1370665866,10.5210537380642
1370666162,10.451045566135
1370522789,-2.69026862250434
1370666464,10.5010520087348
1370521834,-2.81028111775716
1370523064,-2.75027487013075
1370523360,-2.55025545756022
1370666785,10.4110421074761
1370523666,-2.63026343451606
1370665838,10.5210537380642
1370667065,10.451045566135
1370667360,10.5210537380642
1370667666,10.451045566135
1370523976,-2.57025718688965
1370522734,-2.55025545756022
1370524264,-2.60025978088379
1370524562,-2.69026862250434
1370667976,10.5710559421115
1370666757,10.5410554673937
1370668265,10.6110615200467
1370668563,10.5910597907172
1370524864,-2.6602660285102
1370668863,10.5910597907172
1370525176,-2.6602660285102
1370524552,-2.69026862250434
1370523634,-2.63026343451606
1370525465,-2.60025978088379
1370525762,-2.57025718688965
1370669176,10.4310438368056
1370669465,10.5410554673937
1370669762,10.6110615200467
1370526064,-2.55025545756022
1370668567,10.5910597907172
1370667661,10.451045566135
1370670063,10.6110615200467
1370526392,-2.55025545756022
1370670385,10.5210537380642
1370525454,-2.60025978088379
1370670665,10.5010520087348
1370670960,10.5710559421115
1370669469,10.5410554673937
1370671264,10.6610658433702
1370671576,10.5410554673937
1370671865,10.5410554673937
1370672163,10.4710472954644
1370672463,10.5410554673937
1370670368,10.5210537380642
1370672776,10.5210537380642
1370673065,10.6110615200467
1370673362,10.4710472954644
1370673663,10.5010520087348
1370673980,10.5210537380642
1370672138,10.4710472954644
1370671282,10.5010520087348
1370673038,10.6110615200467
