1370526960,-2.52025180392795
1370526352,-2.4302429623074
1370527266,-2.57025718688965
1370527271,-2.57025718688965
1370527576,-2.63026343451606
1370673938,10.9810977511936
1370527865,-2.49024920993381
1370528162,-2.57025718688965
1370256063,2.41024017333984
1370674264,11.011102464464
1370674560,11.011102464464
1370382064,6.21062172783746
1370070063,9.7509765625
1370153160,12.5612576802572
1370153460,12.6112620035807
1370528464,-2.57025718688965
1370070361,9.71097310384115
1370528776,-2.57025718688965
1370529064,-2.63026343451606
1370528167,-2.57025718688965
1370153763,12.6312637329102
1370153740,12.6312637329102
1370070660,9.71097310384115
1370070919,9.71097310384115
1370070066,9.7509765625
1370070960,9.73097271389431
1370529064,-2.63026343451606
1370529362,-2.55025545756022
1370154060,12.6312637329102
1370256391,2.39023844401042
1370071260,9.78097703721788
1370382332,6.2406243218316
1370529664,-2.63026343451606
1370382384,6.19061999850803
1370382664,6.29062864515516
1370382960,6.41064114040799
1370154360,12.7012719048394
1370071560,9.7509765625
1370154661,12.751276228163
1370383273,6.41064114040799
1370529992,-2.57025718688965
1370154960,12.7712779574924
1370529972,-2.63026343451606
1370071861,9.82098261515299
1370154640,12.751276228163
1370071819,9.82098261515299
1370155260,12.8412840101454
1370072160,9.78097703721788
1370530264,-2.52025180392795
1370530560,-2.6602660285102
1370383254,6.41064114040799
1370155560,12.8412840101454
1370072460,9.85098520914713
1370383577,6.41064114040799
1370530866,-2.6602660285102
1370383864,6.55065536499023
1370384163,6.48064931233724
1370155861,12.8612857394748
1370384464,6.6006596883138
1370156160,12.9112921820747
1370072760,9.78097703721788
1370530835,-2.6602660285102
1370073061,9.85098520914713
1370531176,-2.55025545756022
1370384776,6.55065536499023
1370073360,9.89098866780599
1370156464,12.9512956407335
1370531465,-2.63026343451606
1370531761,-2.63026343451606
1370155542,12.8412840101454
1370072719,9.82098261515299
1370073663,9.82098261515299
1370385049,6.58065795898438
1370384148,6.48064931233724
1370385066,6.58065795898438
1370385362,6.7006704542372
1370256665,2.2002198961046
1370385664,6.68066872490777
1370073960,9.82098261515299
1370532065,-2.6602660285102
1370074260,9.89098866780599
1370256368,2.28022893269857
1370156760,12.9712973700629
1370385987,6.73067304823134
1370532376,-2.60025978088379
1370256960,2.15021557278103
1370532635,-2.6602660285102
1370531735,-2.63026343451606
1370157060,13.0413055419922
1370074560,9.89098866780599
1370385960,6.68066872490777
1370257273,2.10020913018121
1370532665,-2.6602660285102
1370532962,-2.69026862250434
1370533263,-2.6602660285102
1370386264,6.77067650689019
1370386560,6.73067304823134
1370157362,13.1113115946452
1370074539,9.89098866780599
1370073643,9.82098261515299
1370386864,6.75067477756076
1370157354,13.1113115946452
1370156455,12.9512956407335
1370157660,13.1113115946452
1370074860,9.87098693847656
1370157960,13.1813176472982
1370533588,-2.60025978088379
1370075160,9.94099511040582
1370387176,6.82068294949002
1370386869,6.85068554348416
1370075461,9.99099943372938
1370387464,6.87068727281359
1370387762,6.90068986680773
1370158261,13.2013193766276
1370533864,-2.57025718688965
1370158560,13.2513258192274
1370158860,13.2713275485569
1370075760,9.96099683973524
1370158252,13.2013193766276
1370075438,9.99099943372938
1370533552,-2.60025978088379
1370076060,10.0110032823351
1370534160,-2.57025718688965
1370257576,2.07020653618707
1370159160,13.3113310072157
1370534466,-2.55025545756022
1370076360,10.0310028923882
1370159461,13.3113310072157
1370159760,13.381339179145
1370076661,9.99099943372938
1370388064,6.82068294949002
1370160021,13.381339179145
1370159162,13.3113310072157
1370076351,10.0310028923882
1370076960,10.0810072157118
1370160064,13.381339179145
1370534776,-2.57025718688965
1370534456,-2.55025545756022
1370257864,1.86018625895182
1370077263,10.0310028923882
1370257227,2.05020480685764
1370535064,-2.57025718688965
1370388375,6.90068986680773
1370535361,-2.72027227613661
1370258163,1.8401845296224
1370388665,6.92069159613715
1370388670,6.92069159613715
1370387759,6.90068986680773
1370388962,6.97069803873698
1370389264,6.99069976806641
1370077560,10.0610054863824
1370160360,13.4713490804036
1370535663,-2.55025545756022
1370160660,13.4913508097331
1370077860,10.0610054863824
1370389587,7.0607058207194
1370078161,10.1010110643175
1370389864,7.09070841471354
1370389532,6.99069976806641
1370390160,7.14071485731337
1370078162,10.1310136583116
1370077258,10.0310028923882
1370535976,-2.55025545756022
1370160963,13.5213534037272
1370078460,10.1510153876411
1370258465,1.70017030504015
1370390464,7.14071485731337
1370536268,-2.72027227613661
1370536264,-2.72027227613661
1370535352,-2.72027227613661
1370536562,-2.72027227613661
1370160921,13.5213534037272
1370258776,2.65026516384549
1370536864,-2.72027227613661
1370161260,13.5413551330566
1370078760,10.1510153876411
1370259027,2.60026084052192
1370258127,1.8401845296224
1370079061,10.1710171169705
1370161560,13.6113611857096
1370079063,10.1710171169705
1370161861,13.6313629150391
1370259065,2.60026084052192
1370259362,2.78027852376302
1370079360,10.2210235595703
1370537189,-2.60025978088379
1370390432,7.14071485731337
1370079660,10.2010218302409
1370390776,7.16071658664279
1370259663,2.96029620700412
1370162160,13.7013710869683
1370391065,7.21072090996636
1370391363,7.21072090996636
1370079965,10.2410252888997
1370537168,-2.60025978088379
1370537465,-2.69026862250434
1370537760,-2.72027227613661
1370161821,13.6513646443685
1370162460,13.7213728162977
1370391664,7.21072090996636
1370259982,3.04030524359809
1370162760,13.7413745456272
1370538066,-2.63026343451606
1370392252,7.26072735256619
1370391332,7.21072090996636
1370391975,7.26072735256619
1370080261,10.2910296122233
1370163061,13.8113827175564
1370162737,13.7413745456272
1370259945,2.99029880099826
1370163360,13.8313844468859
1370080819,10.3610356648763
1370079919,10.2710278828939
1370080560,10.311033460829
1370260264,2.9402944776747
1370260560,3.09030956692166
1370163666,13.86138704088
1370080864,10.3610356648763
1370392265,7.26072735256619
1370392562,7.35073513454861
1370538069,-2.63026343451606
1370538376,-2.06020567152235
1370260871,3.14031389024523
1370538664,-1.72017203436957
1370538962,-1.63016319274902
1370081160,10.4310438368056
1370163960,13.9013904995388
1370081460,10.4310438368056
1370392863,7.31073167588976
1370081760,10.5010520087348
1370393185,7.35073513454861
1370164260,13.9213943481445
1370261176,3.1203121609158
1370164562,13.9913982815213
1370081719,10.5010520087348
1370260852,3.14031389024523
1370082060,10.5410554673937
1370261464,3.17031648423937
1370393149,7.35073513454861
1370539263,-1.46014637417263
1370164553,13.9913982815213
1370163643,13.86138704088
1370261762,3.20031907823351
1370393465,7.43074205186632
1370393760,7.40074157714844
1370164860,14.0414047241211
1370394066,7.450745900472
1370082360,10.5410554673937
1370165160,14.0614064534505
1370082664,10.5910597907172
1370539575,-1.35013474358453
1370262064,3.07030783759223
1370082960,10.6410641140408
1370082639,10.5910597907172
1370165461,14.0814081827799
1370539835,-1.30013042026096
1370538976,-1.63016319274902
1370539864,-1.16011619567871
1370083260,10.6810675726997
1370262375,3.22032292683919
1370540162,-1.13011254204644
1370394376,7.50075022379557
1370394054,7.450745900472
1370083564,10.7310740152995
1370165760,14.1514163547092
1370394664,7.5507566663954
1370262666,3.25032552083333
1370394964,7.5507566663954
1370540464,-1.07010735405816
1370165452,14.0814081827799
1370262656,3.25032552083333
1370261745,3.20031907823351
1370166060,14.1314146253798
1370083861,10.7510757446289
1370262962,3.3003298441569
1370084160,10.8010821872287
1370166360,14.2214245266385
1370083537,10.7310740152995
1370263264,3.22032292683919
1370395264,7.5507566663954
1370084463,10.8510865105523
1370540792,-0.930093129475911
1370540735,-0.910091400146484
1370541065,-0.800079769558377
1370166352,14.2214245266385
1370395862,7.67076704237196
1370394962,7.5507566663954
1370166661,14.2214245266385
1370395575,7.60076098971897
1370541360,-0.690069198608398
1370166960,14.2414241366916
1370263585,3.27032725016276
1370395865,7.67076704237196
1370396162,7.72077348497179
1370167265,14.3114323086209
1370263555,3.32033157348633
1370541677,-0.630062950981988
1370084760,10.8910899692112
1370263864,3.25032552083333
1370264160,3.3003298441569
1370085060,10.9410942925347
1370085360,10.9810977511936
1370396463,7.76077694363064
1370085353,10.9810977511936
1370084442,10.8510865105523
1370167560,14.3314340379503
1370264470,3.35033416748047
1370085660,11.0311041937934
1370396785,7.81078126695421
1370541976,-0.520052380032009
1370396764,7.81078126695421
1370167860,14.3314340379503
1370264476,3.35033416748047
1370085960,11.081108517117
1370541635,-0.630062950981988
1370168162,14.3914413452148
1370086261,11.081108517117
1370397064,7.84078386094835
1370542264,-0.470046997070313
1370264776,3.27032725016276
1370168121,14.4414435492622
1370167268,14.3114323086209
1370397360,7.79077953762478
1370265064,3.4003406100803
1370265362,3.43034320407444
1370086252,11.081108517117
1370086560,11.1711162990994
1370542561,-0.360036426120334
1370397665,7.81078126695421
1370086860,11.1911180284288
1370168460,14.4614473978678
1370087160,11.1911180284288
1370542865,-0.380038155449761
1370265664,3.45034493340386
1370397976,7.86078559027778
1370168760,14.4614473978678
1370397679,7.79077953762478
1370169021,14.5114517211914
1370266229,3.45034493340386
1370265329,3.43034320407444
1370169061,14.5114517211914
1370398264,7.8807873196072
1370087461,11.2611262003581
1370543453,-0.170016818576389
1370542558,-0.360036426120334
1370265975,3.43034320407444
1370543175,-0.220022201538086
1370087151,11.1911180284288
1370543467,-0.0600062476264106
1370087760,11.3111326429579
1370169360,14.5314534505208
1370398562,7.93079376220703
1370169660,14.5714569091797
1370088063,11.3111326429579
1370543763,0
1370266266,3.56035656399197
1370266562,3.45034493340386
1370169960,14.6214633517795
1370266863,3.480347527398
1370544063,0
1370398864,7.96079635620117
1370170263,14.6614668104384
1370399176,7.9107920328776
1370088360,11.3511361016168
1370399432,8.00079981486003
1370398532,7.93079376220703
1370170842,14.6914694044325
1370169921,14.6214633517795
1370170560,14.6914694044325
1370267189,3.63036261664497
1370088660,11.4411438835992
1370399465,8.00079981486003
1370399762,8.00079981486003
1370170866,14.6914694044325
1370088919,11.4911482069227
1370088067,11.3111326429579
1370544395,0.0300025939941406
1370544358,0.0300025939941406
1370267129,3.50034925672743
1370400063,8.00079981486003
1370088960,11.4911482069227
1370267465,3.56035656399197
1370267760,3.56035656399197
1370544665,0.160015953911675
1370089260,11.5111520555284
1370544960,0.190018547905816
1370268069,3.73037338256836
1370089560,11.5811581081814
1370400332,8.07080798678928
1370545265,0.160015953911675
1370171160,14.7314749823676
1370400386,8.03080240885417
1370089861,11.6111628214518
1370171460,14.751476711697
1370090160,11.6511662801107
1370268050,3.73037338256836
1370400664,8.05080625745985
1370400960,8.12081231011285
1370545269,0.160015953911675
1370089819,11.6111628214518
1370268376,3.68036905924479
1370090460,11.7011706034342
1370268664,3.63036261664497
1370268961,3.71037165323893
1370401264,8.17081875271267
1370171762,14.82148276435
1370545576,0.220021141899957
1370171743,14.82148276435
1370545865,0.300030178493924
1370546162,0.380037095811632
1370172060,14.8414866129557
1370401253,8.17081875271267
1370269263,3.73037338256836
1370401575,8.12081231011285
1370172360,14.8714870876736
1370269847,3.86038674248589
1370268945,3.71037165323893
1370401864,8.19081836276584
1370172660,14.9614969889323
1370172643,14.9614969889323
1370090760,11.7011706034342
1370402162,8.15081490410699
1370546464,0.410041809082031
1370269575,3.73037338256836
1370172960,14.9314943949382
1370269864,3.86038674248589
1370270162,3.86038674248589
1370090719,11.7011706034342
1370091061,11.7411740620931
1370547067,0.52005132039388
1370546167,0.380037095811632
1370270463,3.86038674248589
1370091360,11.7911783854167
1370402464,8.27082739935981
1370546775,0.460046132405599
1370091664,11.8111822340224
1370403050,8.29082912868924
1370402149,8.15081490410699
1370547069,0.52005132039388
1370547362,0.460046132405599
1370402775,8.24082480536567
1370173270,14.9814987182617
1370270787,3.84038501315647
1370270762,3.84038501315647
1370547663,0.440044403076172
1370173560,15.0215021769206
1370403065,8.29082912868924
1370403362,8.24082480536567
1370173860,15.0715086195204
1370271064,3.96039538913303
1370271360,3.84038501315647
1370547996,0.550056033664279
1370091960,11.9011900160048
1370547975,0.550056033664279
1370092540,11.9511964586046
1370091642,11.8111822340224
1370173557,15.0215021769206
1370092260,11.9011900160048
1370403664,8.34083557128906
1370092560,11.9511964586046
1370271671,3.66036732991536
1370548265,0.550056033664279
1370548560,0.650064680311415
1370092860,11.9911999172635
1370174169,15.0915103488498
1370174471,15.1315138075087
1370174760,15.1315138075087
1370403991,8.36083730061849
1370548864,0.630062950981988
1370403961,8.31083085801866
1370093160,12.0212046305339
1370271666,3.66036732991536
1370404266,8.36083730061849
1370271976,2.78027852376302
1370093461,12.041204240587
1370093439,12.041204240587
1370404560,8.31083085801866
1370272264,2.81028111775716
1370175351,15.2215237087674
1370174453,15.1115120781793
1370272561,2.49024920993381
1370175066,15.2015219794379
1370404877,8.43084335327148
1370093760,12.11121029324
1370548835,0.740074581570095
1370175360,15.2215237087674
1370175660,15.2215237087674
1370094060,12.1512158711751
1370549176,0.740074581570095
1370094360,12.1812184651693
1370549464,0.760076310899523
1370549761,0.790078904893663
1370404870,8.43084335327148
1370405176,8.46084594726563
1370094351,12.1812184651693
1370272863,2.49024920993381
1370094661,12.2512266370985
1370175977,15.2915297614204
1370094960,12.2912300957574
1370273471,2.28022893269857
1370272557,2.57025824652778
1370273176,2.36023585001628
1370550064,0.710071987575955
1370405464,8.48084767659505
1370405761,8.38083902994792
1370176265,15.2915297614204
1370176565,15.3615358140734
1370095264,12.3412344190809
1370550635,0.840083228217231
1370549735,0.790078904893663
1370273464,2.28022893269857
1370273762,2.2002198961046
1370550375,0.820081498887804
1370406064,8.43084335327148
1370550667,0.840083228217231
1370550962,0.840083228217231
1370274063,1.97019788953993
1370095560,12.3112318250868
1370176864,15.3815375434028
1370551264,0.87008794148763
1370406675,8.50084940592448
1370405766,8.38083902994792
1370406375,8.55085584852431
1370177181,15.4015392727322
1370095860,12.3812399970161
1370274383,2.0202022128635
1370177121,15.4215431213379
1370176264,15.2915297614204
1370406666,8.55085584852431
1370096160,12.3812399970161
1370096152,12.3812399970161
1370095263,12.3412344190809
1370274329,2.0202022128635
1370406962,8.57085757785373
1370551594,0.900090535481771
1370177464,15.451545715332
1370551553,1.01010004679362
1370177760,15.4715474446615
1370407263,8.53085411919488
1370274684,1.89018885294596
1370274960,1.73017289903429
1370096460,12.4512460496691
1370551865,1.01010004679362
1370552160,0.950094858805339
1370178068,15.4915491739909
1370096760,12.4712477789985
1370275269,1.86018625895182
1370552465,1.01010004679362
1370178025,15.5115509033203
1370407593,8.55085584852431
1370097061,12.5412538316515
1370178376,15.5415556165907
1370097065,12.5412538316515
1370407532,8.65086449517144
1370097360,12.5412538316515
1370178664,15.5815590752496
1370178960,15.601560804579
1370275576,2.62026256985135
1370275229,1.86018625895182
1370097660,12.5912602742513
1370407864,8.57085757785373
1370408160,8.60086017184787
1370552455,1.01010004679362
1370275864,2.73027208116319
1370276162,2.78027852376302
1370552776,-3.48034858703613
1370097960,12.6112620035807
1370553064,-0.850085152520074
1370553361,1.54015435112847
1370408465,8.6208619011773
1370179263,15.6215625339084
1370179843,15.6915707058377
1370178926,15.601560804579
1370098261,12.68127017551
1370276464,2.88028717041016
1370098819,12.7012719048394
1370097919,12.6112620035807
1370179575,15.6715689765082
1370098560,12.68127017551
1370179865,15.6915707058377
1370553664,3.66036732991536
1370180160,15.6915707058377
1370277046,2.9402944776747
1370276129,2.78027852376302
1370408776,8.67086834377713
1370408432,8.67086834377713
1370276775,2.91029188368056
1370554265,7.23072475857205
1370098864,12.751276228163
1370553353,1.54015435112847
1370180463,15.7615767584907
1370277065,2.9402944776747
1370409065,8.65086449517144
1370553975,5.65056482950846
1370277362,3.04030524359809
1370409362,8.72087266710069
1370180744,15.7615767584907
1370180781,15.7815784878201
1370554269,7.23072475857205
1370554562,8.22082307603624
1370277663,3.04030524359809
1370554864,8.81088256835938
1370099160,12.7712779574924
1370181064,15.8315828111437
1370181360,15.8515866597493
1370409664,8.76087612575955
1370099460,12.7912796868218
1370099761,12.8412840101454
1370099720,12.8412840101454
1370410249,8.74087439643012
1370409332,8.67086834377713
1370555190,9.31093215942383
1370277946,3.07030783759223
1370277982,3.01030053032769
1370555164,9.31093215942383
1370409976,8.74087439643012
1370100060,12.9112921820747
1370181667,15.8715883890788
1370410266,8.74087439643012
1370410562,8.81088256835938
1370278264,3.17031648423937
1370278560,3.07030783759223
1370555465,9.59095848931207
1370555760,9.80098088582357
1370100360,12.9512956407335
1370278869,3.1203121609158
1370410863,8.81088256835938
1370556069,9.99099943372938
1370100638,12.9512956407335
1370100661,12.9512956407335
1370181647,15.8715883890788
1370100960,13.0213038126628
1370181976,15.8915901184082
1370411190,8.76087612575955
1370182264,15.9615961710612
1370411149,8.76087612575955
1370101260,13.0613072713216
1370278850,3.1203121609158
1370279176,3.45034493340386
1370556076,9.99099943372938
1370182560,15.9615961710612
1370556376,10.0310028923882
1370101561,13.0913098653158
1370411465,8.81088256835938
1370411760,8.91089121500651
1370279464,3.84038501315647
1370279761,3.99040010240343
1370101537,13.0613072713216
1370556664,10.1510153876411
1370556962,10.1010110643175
1370412065,8.86088689168294
1370101861,13.1113115946452
1370102160,13.1613159179688
1370102463,13.1813176472982
1370280064,4.040404425727
1370182863,15.9815979003906
1370280659,4.27042643229167
1370279758,3.99040010240343
1370557274,10.2210235595703
1370412057,8.86088689168294
1370557836,10.2910296122233
1370556979,10.1010110643175
1370280376,4.17041778564453
1370412376,8.95089467366537
1370412665,8.93089294433594
1370280664,4.27042643229167
1370280962,4.24042383829753
1370557575,10.2710278828939
1370183456,16.0316043429905
1370182554,15.9615961710612
1370557870,10.2910296122233
1370412962,8.93089294433594
1370183176,16.0316043429905
1370558162,10.3810373942057
1370102760,13.2213232252333
1370281264,4.37043719821506
1370183470,16.0316043429905
1370103060,13.2713275485569
1370558464,10.4110421074761
1370183760,16.0716078016493
1370103360,13.3113310072157
1370103354,13.3113310072157
1370102445,13.1813176472982
1370281585,4.5004505581326
1370413264,8.93089294433594
1370184064,16.0916095309787
1370281558,4.4004397922092
1370413861,9.02090284559462
1370412964,8.93089294433594
1370103660,13.3613374498155
1370558791,10.4310438368056
1370413575,8.93089294433594
1370281864,4.55045488145616
1370282160,4.65046564737956
1370103960,13.3613374498155
1370413865,9.05090543958876
1370414162,9.02090284559462
1370184378,16.0916095309787
1370104253,13.381339179145
1370184355,16.1116112603082
1370558736,10.4310438368056
1370104261,13.381339179145
1370414463,9.07090716891819
1370559065,10.451045566135
1370104560,13.451345231798
1370184664,16.1416159735786
1370184960,16.1816194322374
1370282469,4.67046737670898
1370104860,13.4713490804036
1370559360,10.5210537380642
1370414771,9.12091149224175
1370414786,9.12091149224175
1370559664,10.5410554673937
1370185270,16.231623755561
1370105160,13.5213534037272
1370415065,9.10090976291233
1370415360,9.14091534084744
1370105151,13.5213534037272
1370105461,13.5413551330566
1370105760,13.5613568623861
1370282481,4.60046132405599
1370415674,9.17091793484158
1370282776,4.70046997070313
1370559636,10.5410554673937
1370106063,13.6313629150391
1370559976,10.5710559421115
1370185272,16.231623755561
1370283064,4.77047814263238
1370283362,4.82048246595595
1370560264,10.5910597907172
1370185576,16.2016211615668
1370560562,10.5910597907172
1370185864,16.2516254848904
1370415632,9.17091793484158
1370415976,9.31093215942383
1370186160,16.2916310628255
1370283664,4.92049323187934
1370560864,10.6110615200467
1370416264,9.35093561808268
1370416562,9.38093821207682
1370106360,13.6713663736979
1370561455,10.6410641140408
1370560554,10.5910597907172
1370106660,13.7013710869683
1370561175,10.5410554673937
1370284229,5.00050014919705
1370283329,4.82048246595595
1370106920,13.7413745456272
1370106071,13.6313629150391
1370106961,13.7413745456272
1370283975,5.02050187852648
1370186463,16.3416353861491
1370561470,10.6410641140408
1370561762,10.6110615200467
1370284265,5.02050187852648
1370187026,16.3616371154785
1370186126,16.3116327921549
1370107260,13.7213728162977
1370284562,5.17051696777344
1370562063,10.5410554673937
1370186776,16.3616371154785
1370416875,9.42094167073568
1370284863,5.15051523844401
1370187066,16.3616371154785
1370187360,16.4516470167372
1370417432,9.59095848931207
1370416532,9.40093994140625
1370107560,13.7713792588976
1370417175,9.5409541659885
1370562393,10.5410554673937
1370187663,16.4316431681315
1370285184,5.27052773369683
1370107861,13.86138704088
1370107820,13.8113827175564
1370285129,5.27052773369683
1370417465,9.57095675998264
1370417762,9.61096021864149
1370187926,16.4716466267904
1370562353,10.5410554673937
1370108160,13.8313844468859
1370187978,16.4716466267904
1370562698,10.5910597907172
1370285464,5.27052773369683
1370108460,13.8813887702094
1370285760,5.3205320570204
1370418063,9.68096839057075
1370188264,16.5116522047255
1370188560,16.5116522047255
1370562960,10.4310438368056
1370286070,5.47054714626736
1370188868,16.561656528049
1370108760,13.8813887702094
1370563264,10.4110421074761
1370188846,16.561656528049
1370286052,5.47054714626736
1370563576,10.4310438368056
1370418386,9.7509765625
1370108720,13.8813887702094
1370109062,13.9013904995388
1370563268,10.4110421074761
1370286376,5.52055358886719
1370189176,16.6016599867079
1370109360,13.9213943481445
1370418348,9.73097271389431
1370286664,5.57055791219075
1370189464,16.5816582573785
1370189760,16.6316646999783
1370286962,5.6005605061849
1370563865,10.4110421074761
1370564162,10.451045566135
1370109664,13.8813887702094
1370418664,9.85098520914713
1370418960,9.89098866780599
1370419267,9.94099511040582
1370287263,5.62056223551432
1370564464,10.5210537380642
1370565075,10.5410554673937
1370564163,10.4710472954644
1370287846,5.77057732476128
1370286947,5.6005605061849
1370190063,16.6516664293077
1370564776,10.4710472954644
1370287577,5.67056867811415
1370419259,9.94099511040582
1370565065,10.5210537380642
1370565362,10.5210537380642
1370287865,5.72057088216146
1370288162,5.84058549669054
1370109960,13.791380988227
1370190644,16.711671617296
1370189742,16.6316646999783
1370419576,10.1010110643175
1370190376,16.6916698879666
1370565663,10.6410641140408
1370110260,13.7413745456272
1370419864,10.1510153876411
1370420162,10.1710171169705
1370288464,5.84058549669054
1370110561,13.6713663736979
1370190670,16.711671617296
1370190960,16.7616780598958
1370110540,13.6713663736979
1370109643,13.8813887702094
1370191263,16.7416763305664
1370565991,10.6110615200467
1370565936,10.5710559421115
1370110860,13.6513646443685
1370288782,5.92059241400825
1370420464,10.2910296122233
1370566265,10.6610658433702
1370111160,13.5413551330566
1370421062,10.3610356648763
1370420151,10.1710171169705
1370191582,16.7616780598958
1370566560,10.6610658433702
1370191557,16.7616780598958
1370111439,13.5213534037272
1370288757,5.92059241400825
1370420775,10.3410339355469
1370111461,13.5213534037272
1370566864,10.6110615200467
1370289064,5.92059241400825
1370289360,5.97059673733181
1370421064,10.3610356648763
1370111760,13.4313456217448
1370421362,10.4110421074761
1370191864,16.8016815185547
1370192160,16.8316841125488
1370112060,13.4013409084744
1370566836,10.6610658433702
1370421663,10.5410554673937
1370567177,10.6610658433702
1370112360,13.381339179145
1370192468,16.8516879611545
1370567464,10.5710559421115
1370289664,6.09060923258463
1370421962,10.5410554673937
1370567762,10.5910597907172
1370112351,13.381339179145
1370421988,10.5410554673937
1370112661,13.381339179145
1370112960,13.3113310072157
1370192467,16.8516879611545
1370422264,10.6810675726997
1370422560,10.7510757446289
1370113264,13.2913292778863
1370192775,16.8916893005371
1370568065,10.6410641140408
1370193064,16.9116931491428
1370289665,6.09060923258463
1370193360,16.9416957431369
1370289976,6.11061096191406
1370422873,10.8210839165582
1370568654,10.781078338623
1370567736,10.5910597907172
1370290264,6.16061740451389
1370290561,6.2406243218316
1370568376,10.6810675726997
1370113560,13.2013193766276
1370193663,16.9416957431369
1370113860,13.2013193766276
1370114162,13.0913098653158
1370113258,13.2913292778863
1370568665,10.781078338623
1370568962,10.7310740152995
1370114162,13.0913098653158
1370194265,16.9616953531901
1370193356,16.9416957431369
1370422867,10.8210839165582
1370193976,16.9616953531901
1370569263,10.8010821872287
1370114460,13.1313154432509
1370194265,16.9616953531901
1370194560,17.0217047797309
1370423176,10.8510865105523
1370290864,6.29062864515516
1370423465,10.9110916985406
1370114760,13.1113115946452
1370423762,11.011102464464
1370194863,16.9816970825195
1370291469,6.33063422309028
1370290557,6.21062172783746
1370569552,10.781078338623
1370291176,6.31063249376085
1370115020,13.0613072713216
1370569588,10.781078338623
1370115061,13.0613072713216
1370291469,6.33063422309028
1370569865,10.8010821872287
1370570160,10.781078338623
1370115360,13.0613072713216
1370291762,6.41064114040799
1370115660,13.0213038126628
1370195184,16.8516879611545
1370195126,16.8916893005371
1370292063,6.43064286973741
1370115964,12.9512956407335
1370570469,10.8510865105523
1370424064,11.0511059231228
1370195464,16.8016815185547
1370195760,16.6916698879666
1370116820,12.9112921820747
1370115920,13.0213038126628
1370292381,6.48064931233724
1370116261,12.9112921820747
1370116560,12.9712973700629
1370424632,11.2111218770345
1370423772,11.0311041937934
1370570777,10.8510865105523
1370196067,16.5416547987196
1370570464,10.8510865105523
1370292329,6.41064114040799
1370116863,12.8812874688043
1370424375,11.15111456977
1370424665,11.2111218770345
1370424962,11.5111520555284
1370292664,6.51065190633138
1370571064,10.8910899692112
1370571362,10.8710861206055
1370292960,6.51065190633138
1370196026,16.5416547987196
1370425263,6.06060663859049
1370293268,6.58065795898438
1370196376,16.4516470167372
1370117160,12.8612857394748
1370196664,16.4016405741374
1370196961,16.2916310628255
1370117460,12.8412840101454
1370117761,12.8112835354275
1370571664,10.8510865105523
1370117747,12.8112835354275
1370572264,10.9110916985406
1370571366,10.8710861206055
1370197263,16.2016211615668
1370571976,10.8710861206055
1370293229,6.58065795898438
1370425588,6.46064758300781
1370197844,16.0316043429905
1370196926,16.2716293334961
1370118060,12.7712779574924
1370197576,16.1416159735786
1370293576,6.19061999850803
1370572265,10.8710861206055
1370425532,6.68066872490777
1370572562,10.8910899692112
1370293864,6.16061740451389
1370197865,16.0316043429905
1370425865,5.67056867811415
1370294161,6.2406243218316
1370118360,12.7712779574924
1370198160,15.9615961710612
1370572863,10.9410942925347
1370426160,5.67056867811415
1370118661,12.7912796868218
1370198465,15.8715883890788
1370118640,12.7912796868218
1370426475,5.5005497402615
1370118960,12.7012719048394
1370294464,6.51065190633138
1370573190,10.9110916985406
1370119260,12.7212736341688
1370198743,15.8015823364258
1370119561,12.7212736341688
1370573165,10.9110916985406
1370198786,15.7815784878201
1370295046,6.75067477756076
1370294129,6.2406243218316
1370294776,6.58065795898438
1370426776,5.6005605061849
1370426432,5.52055358886719
1370199065,15.7815784878201
1370427064,5.47054714626736
1370295066,6.75067477756076
1370295362,6.80068122016059
1370573465,10.9410942925347
1370573760,10.9410942925347
1370119861,12.7212736341688
1370119538,12.7212736341688
1370199360,15.6915707058377
1370120160,12.6312637329102
1370427361,5.57055791219075
1370199673,15.6215625339084
1370120464,12.7012719048394
1370574065,10.9410942925347
1370295663,6.85068554348416
1370199649,15.6215625339084
1370427664,5.47054714626736
1370199976,15.5115509033203
1370574078,10.9410942925347
1370200264,15.5115509033203
1370200561,15.4015392727322
1370295983,6.92069159613715
1370574376,10.9110916985406
1370428251,5.57055791219075
1370427353,5.57055791219075
1370120760,12.6312637329102
1370295946,6.90068986680773
1370574665,11.011102464464
1370574962,10.9610960218641
1370121060,12.6312637329102
1370427975,5.52055358886719
1370121361,12.6312637329102
1370296264,7.04070409138997
1370296560,7.09070841471354
1370200863,15.3415340847439
1370121353,12.6312637329102
1370120458,12.7012719048394
1370428265,5.57055791219075
1370428562,5.62056223551432
1370575264,11.011102464464
1370296864,7.14071485731337
1370201176,15.2515263027615
1370428863,5.6005605061849
1370121660,12.5912602742513
1370201456,15.2015219794379
1370200555,15.4015392727322
1370575836,10.9410942925347
1370574936,10.9610960218641
1370575576,11.0311041937934
1370201465,15.2015219794379
1370201760,15.2215237087674
1370429185,5.65056482950846
1370121960,12.5912602742513
1370429149,5.69057040744358
1370575865,10.9810977511936
1370576162,10.9610960218641
1370202063,15.1115120781793
1370296853,7.14071485731337
1370122261,12.5612576802572
1370297177,7.11071226331923
1370429464,5.67056867811415
1370429760,5.65056482950846
1370576463,10.9610960218641
1370122252,12.5612576802572
1370297464,7.11071226331923
1370297761,7.23072475857205
1370122560,12.5412538316515
1370430067,5.65056482950846
1370202383,15.0915103488498
1370576794,10.9110916985406
1370122860,12.5412538316515
1370202356,15.0715086195204
1370576736,10.9610960218641
1370202664,15.0715086195204
1370202960,14.9314943949382
1370123160,12.5612576802572
1370298064,7.26072735256619
1370577065,10.9610960218641
1370577360,10.9610960218641
1370298659,7.38073984781901
1370297758,7.23072475857205
1370430074,5.65056482950846
1370298376,7.33073340521918
1370123461,12.5912602742513
1370124020,12.521252102322
1370430376,5.79057905409071
1370577664,10.9810977511936
1370123162,12.5612576802572
1370298665,7.38073984781901
1370430664,5.77057732476128
1370203268,14.9114905463325
1370123760,12.5612576802572
1370298962,7.33073340521918
1370430961,5.77057732476128
1370203273,14.9114905463325
1370124064,12.5012503729926
1370299263,7.50075022379557
1370203577,14.8414866129557
1370577976,10.9810977511936
1370431264,5.84058549669054
1370431862,5.89058982001411
1370430964,5.69057040744358
1370203865,14.82148276435
1370204160,14.7814771864149
1370578264,11.011102464464
1370577657,10.9810977511936
1370299557,7.520751953125
1370299587,7.5507566663954
1370431575,5.87058597140842
1370431865,5.89058982001411
1370432162,5.82058376736111
1370578562,11.0311041937934
1370204463,14.7114732530382
1370299864,7.74077521430122
1370300160,7.86078559027778
1370205026,14.7114732530382
1370204126,14.7814771864149
1370124360,12.5612576802572
1370432474,5.92059241400825
1370204776,14.7114732530382
1370124660,12.5412538316515
1370300464,8.07080798678928
1370124920,12.5412538316515
1370205065,14.7114732530382
1370205360,14.6414650811089
1370124960,12.5012503729926
1370578864,11.011102464464
1370579456,10.9610960218641
1370578557,11.0311041937934
1370579176,10.9610960218641
1370300479,8.07080798678928
1370432787,5.87058597140842
1370125260,12.521252102322
1370205663,14.6214633517795
1370579465,10.9610960218641
1370300776,8.27082739935981
1370125560,12.4712477789985
1370579762,10.9810977511936
1370301064,8.38083902994792
1370301362,8.60086017184787
1370125861,12.521252102322
1370432770,5.87058597140842
1370205979,14.5114517211914
1370205927,14.5514551798503
1370580064,11.011102464464
1370125820,12.521252102322
1370126160,12.4512460496691
1370206264,14.5314534505208
1370206560,14.481447007921
1370433065,5.97059673733181
1370433360,5.92059241400825
1370580368,11.0511059231228
1370301664,8.74087439643012
1370580393,10.9610960218641
1370126460,12.5012503729926
1370206869,14.3914413452148
1370580664,10.9810977511936
1370580960,10.9610960218641
1370433664,5.99059846666124
1370302229,9.10090976291233
1370301329,8.67086834377713
1370126760,12.4312443203396
1370301976,8.91089121500651
1370302265,9.10090976291233
1370581266,10.9410942925347
1370302562,9.19091966417101
1370127062,12.4712477789985
1370126737,12.4312443203396
1370433632,5.99059846666124
1370127360,12.521252102322
1370206853,14.3914413452148
1370433976,5.94059414333767
1370207176,14.4214418199327
1370127663,12.4712477789985
1370302863,9.28092956542969
1370581269,10.9410942925347
1370434264,6.06060663859049
1370434562,6.04060490926107
1370207464,14.2814297146267
1370207761,14.3114323086209
1370581576,11.011102464464
1370581864,11.0311041937934
1370582162,10.9610960218641
1370434864,6.02060106065538
1370208064,14.3114323086209
1370435433,6.11061096191406
1370434533,6.04060490926107
1370303190,9.42094167073568
1370127960,12.5012503729926
1370303129,9.45094638400608
1370128260,12.4312443203396
1370435175,6.11061096191406
1370128539,12.4712477789985
1370127645,12.4712477789985
1370208645,14.1914198133681
1370207747,14.3114323086209
1370582464,11.011102464464
1370303465,9.59095848931207
1370208376,14.2614279852973
1370435465,6.16061740451389
1370435762,6.09060923258463
1370128561,12.4712477789985
1370303760,9.66096666124132
1370208670,14.1914198133681
1370208960,14.1914198133681
1370583076,11.011102464464
1370582169,10.9610960218641
1370304069,9.78097703721788
1370128860,12.4712477789985
1370582776,10.9810977511936
1370436063,6.09060923258463
1370583065,11.011102464464
1370209263,14.1314146253798
1370583362,10.9610960218641
1370129160,12.4512460496691
1370583663,11.0311041937934
1370129461,12.4512460496691
1370209555,14.1014099121094
1370209580,14.1014099121094
1370129453,12.4512460496691
1370436348,6.1406135559082
1370129760,12.4512460496691
1370436390,6.11061096191406
1370304051,9.78097703721788
1370304376,9.87098693847656
1370130060,12.4712477789985
1370209864,14.0414047241211
1370210160,14.0614064534505
1370304664,9.94099511040582
1370304962,10.0610054863824
1370436665,6.1406135559082
1370436960,6.26062605116102
1370583994,10.9410942925347
1370130360,12.4512460496691
1370583936,10.9410942925347
1370210467,13.9913982815213
1370130356,12.4512460496691
1370437264,6.29062864515516
1370130661,12.4112404717339
1370584264,10.9810977511936
1370584560,10.9610960218641
1370305263,10.1510153876411
1370130960,12.4112404717339
1370305849,10.3410339355469
1370304948,10.0610054863824
1370584869,10.9410942925347
1370210469,13.9913982815213
1370305575,10.2410252888997
1370305866,10.311033460829
1370210776,13.9013904995388
1370131265,12.4312443203396
1370437254,6.29062864515516
1370306162,10.4110421074761
1370211066,13.86138704088
1370211360,13.8813887702094
1370437575,6.29062864515516
1370306464,10.451045566135
1370437864,6.36063681708442
1370438161,6.36063681708442
1370584836,10.9610960218641
1370585176,11.011102464464
1370131560,12.4312443203396
1370585464,10.9810977511936
1370211664,13.8813887702094
1370306759,10.5410554673937
1370306786,10.5010520087348
1370438464,6.33063422309028
1370212266,13.8313844468859
1370211356,13.8813887702094
1370585762,10.9810977511936
1370131860,12.3812399970161
1370132164,12.3812399970161
1370131258,12.4312443203396
1370211976,13.8313844468859
1370132161,12.4312443203396
1370307064,10.6110615200467
1370439062,6.36063681708442
1370438151,6.36063681708442
1370307360,10.6810675726997
1370212265,13.8313844468859
1370212560,13.7713792588976
1370438775,6.36063681708442
1370132460,12.3812399970161
1370307669,10.7510757446289
1370439065,6.38063854641385
1370212863,13.7013710869683
1370586063,10.9410942925347
1370439362,6.33063422309028
1370586654,11.0511059231228
1370585736,10.9810977511936
1370132760,12.4312443203396
1370586376,11.0511059231228
1370439663,6.38063854641385
1370133021,12.4112404717339
1370133061,12.3812399970161
1370213182,13.7213728162977
1370307664,10.7510757446289
1370586665,11.0511059231228
1370213127,13.7213728162977
1370586962,11.0511059231228
1370307976,10.8710861206055
1370133360,12.4112404717339
1370133660,12.4312443203396
1370308266,10.8710861206055
1370308562,10.9810977511936
1370439991,6.43064286973741
1370587263,11.0511059231228
1370439963,6.43064286973741
1370213464,13.6513646443685
1370213760,13.6513646443685
1370133960,12.3812399970161
1370440265,6.48064931233724
1370440560,6.53065363566081
1370587592,11.0511059231228
1370214068,13.6313629150391
1370587553,11.081108517117
1370134261,12.3612361484104
1370440864,6.51065190633138
1370134821,12.4112404717339
1370133921,12.4112404717339
1370308865,10.9810977511936
1370134560,12.4312443203396
1370587865,11.1211140950521
1370309470,11.15111456977
1370308561,10.9810977511936
1370588160,11.1011123657227
1370440867,6.43064286973741
1370309176,11.1211140950521
1370134865,12.3412344190809
1370588464,11.1211140950521
1370214027,13.6313629150391
1370441176,6.51065190633138
1370309466,11.15111456977
1370309762,11.2411244710286
1370441464,6.58065795898438
1370214376,13.5813585917155
1370441762,6.51065190633138
1370214664,13.5813585917155
1370214960,13.5613568623861
1370310063,11.3111326429579
1370442063,6.51065190633138
1370588777,11.1711162990994
1370135160,12.4112404717339
1370588458,11.1211140950521
1370442633,6.53065363566081
1370441773,6.6006596883138
1370135460,12.3812399970161
1370442375,6.65066613091363
1370215274,13.5213534037272
1370135762,12.4112404717339
1370589064,11.081108517117
1370589362,11.1211140950521
1370310330,11.3311343722873
1370135739,12.4112404717339
1370310383,11.3311343722873
1370442665,6.65066613091363
1370442962,6.7006704542372
1370215575,13.5213534037272
1370136060,12.3412344190809
1370310666,11.4011404249403
1370310960,11.4911482069227
1370443263,6.6306644015842
1370215844,13.5213534037272
1370214943,13.5613568623861
1370136360,12.3612361484104
1370311272,11.5411546495226
1370589664,11.1011123657227
1370136661,12.3812399970161
1370443594,6.68066872490777
1370443533,6.6306644015842
1370215865,13.5213534037272
1370216160,13.4913508097331
1370136639,12.3612361484104
1370136960,12.3112318250868
1370216463,13.451345231798
1370589976,11.1211140950521
1370311230,11.4911482069227
1370443867,6.65066613091363
1370444160,6.68066872490777
1370590265,11.1211140950521
1370589364,11.1211140950521
1370311577,11.5811581081814
1370444464,6.7006704542372
1370137260,12.3612361484104
1370590265,11.1211140950521
1370590562,11.1211140950521
1370311866,11.5811581081814
1370312163,11.7011706034342
1370137560,12.3612361484104
1370444433,6.80068122016059
1370216782,13.4313456217448
1370590864,11.1911180284288
1370312464,11.6711680094401
1370444777,6.7006704542372
1370216744,13.4313456217448
1370445064,6.77067650689019
1370137861,12.3612361484104
1370137538,12.3612361484104
1370138160,12.3412344190809
1370313046,11.7411740620931
1370312130,11.7011706034342
1370445362,6.87068727281359
1370312776,11.6711680094401
1370217064,13.381339179145
1370591189,11.1711162990994
1370217360,13.4013409084744
1370591166,11.1711162990994
1370138465,12.3812399970161
1370313065,11.7011706034342
1370313362,11.6711680094401
1370445664,6.77067650689019
1370217669,13.3113310072157
1370313663,11.6311645507813
1370591464,11.15111456977
1370591760,11.1711162990994
1370446254,6.92069159613715
1370445349,6.87068727281359
1370445977,6.82068294949002
1370217666,13.3113310072157
1370217977,13.3113310072157
1370592065,11.1711162990994
1370446264,6.92069159613715
1370446562,6.82068294949002
1370218264,13.3413357204861
1370218560,13.3413357204861
1370138760,12.3412344190809
1370446863,6.87068727281359
1370313983,11.5111520555284
1370139060,12.3112318250868
1370313946,11.561156378852
1370592081,11.1711162990994
1370139354,12.2912300957574
1370138459,12.3812399970161
1370139360,12.3412344190809
1370592376,11.2111218770345
1370447190,6.90068986680773
1370218863,13.2513258192274
1370592664,11.1211140950521
1370592962,11.1711162990994
1370219456,13.2213232252333
1370218554,13.3413357204861
1370314264,11.4711464775933
1370314560,11.3311343722873
1370139660,12.2912300957574
1370219176,13.2513258192274
1370447149,6.97069803873698
1370139960,12.3112318250868
1370219469,13.2213232252333
1370219760,13.2213232252333
1370314870,11.3111326429579
1370220063,13.2013193766276
1370140261,12.3612361484104
1370140254,12.3612361484104
1370593264,11.15111456977
1370447465,6.99069976806641
1370447760,6.94069332546658
1370314864,11.3111326429579
1370140560,12.2912300957574
1370140860,12.2912300957574
1370593836,11.6111628214518
1370315176,11.2111218770345
1370592936,11.1211140950521
1370220369,13.2513258192274
1370315464,11.1211140950521
1370448064,6.94069332546658
1370220378,13.2513258192274
1370315762,11.1011123657227
1370593576,11.5411546495226
1370141160,12.3412344190809
1370593865,11.6711680094401
1370594162,11.7411740620931
1370220664,13.2013193766276
1370220960,13.2213232252333
1370594464,11.8611865573459
1370316064,11.011102464464
1370221271,13.1813176472982
1370316659,10.8510865105523
1370315762,11.1011123657227
1370142021,12.3112318250868
1370141162,12.3412344190809
1370316376,10.8910899692112
1370141461,12.3112318250868
1370141760,12.2912300957574
1370448067,6.97069803873698
1370594793,11.8611865573459
1370448376,6.97069803873698
1370221227,13.1813176472982
1370316665,10.8510865105523
1370316962,10.781078338623
1370142064,12.3412344190809
1370448664,7.0607058207194
1370594736,11.8311839633518
1370595065,11.9011900160048
1370317263,10.7510757446289
1370448962,7.04070409138997
1370221576,13.1113115946452
1370221864,13.1113115946452
1370222161,13.0913098653158
1370595360,11.9911999172635
1370595664,12.0912085639106
1370142360,12.3112318250868
1370317585,10.7110722859701
1370222464,13.0913098653158
1370317568,10.7110722859701
1370142660,12.2912300957574
1370223027,13.0613072713216
1370222127,13.0913098653158
1370449264,7.0607058207194
1370142921,12.3412344190809
1370142961,12.3412344190809
1370222776,13.1313154432509
1370317864,10.7310740152995
1370318160,10.6410641140408
1370143260,12.2912300957574
1370449576,7.11071226331923
1370223068,13.0913098653158
1370223360,13.0913098653158
1370449865,7.19071918063694
1370448963,7.04070409138997
1370595657,12.0912085639106
1370318465,10.6110615200467
1370223663,13.1113115946452
1370595976,12.1312141418457
1370143560,12.271228366428
1370449865,7.11071226331923
1370450162,7.09070841471354
1370596265,12.1812184651693
1370143861,12.3112318250868
1370596562,12.2512266370985
1370143821,12.3112318250868
1370318430,10.6110615200467
1370223979,13.0413055419922
1370450463,7.14071485731337
1370144160,12.3112318250868
1370318776,10.5910597907172
1370144460,12.3412344190809
1370319064,10.5210537380642
1370450787,7.21072090996636
1370223943,13.0413055419922
1370319362,10.5910597907172
1370596864,12.2912300957574
1370450771,7.14071485731337
1370224264,13.0413055419922
1370224560,13.0613072713216
1370597454,12.4112404717339
1370596554,12.2512266370985
1370597176,12.3412344190809
1370144760,12.3112318250868
1370319664,10.4710472954644
1370451065,7.21072090996636
1370451360,7.23072475857205
1370597466,12.4112404717339
1370224868,13.0213038126628
1370320230,10.4710472954644
1370319330,10.5910597907172
1370319975,10.4710472954644
1370597762,2.10020913018121
1370144743,12.3112318250868
1370145061,12.3412344190809
1370451664,7.23072475857205
1370598063,0.550056033664279
1370145360,12.271228366428
1370145664,12.271228366428
1370320266,10.4110421074761
1370320562,10.4310438368056
1370451633,7.23072475857205
1370224848,13.0213038126628
1370320863,10.4110421074761
1370598393,-0.410040749443902
1370451977,7.5507566663954
1370225176,13.0413055419922
1370598364,-0.330032772488064
1370225464,13.0213038126628
1370225761,13.0213038126628
1370452266,7.74077521430122
1370452562,7.81078126695421
1370321147,10.3810373942057
1370321184,10.3810373942057
1370145960,12.3412344190809
1370598665,-0.800079769558377
1370598960,-1.1001099480523
1370146260,12.3112318250868
1370321464,10.3610356648763
1370321760,10.2910296122233
1370146540,12.2912300957574
1370145643,12.271228366428
1370146561,12.271228366428
1370452864,7.84078386094835
1370599268,-1.49014896816678
1370226063,12.9512956407335
1370453433,8.00079981486003
1370452533,7.81078126695421
1370322069,10.311033460829
1370226656,12.9512956407335
1370225744,13.0213038126628
1370146860,12.3112318250868
1370453176,7.9107920328776
1370226376,12.9512956407335
1370453465,7.9807980855306
1370453762,8.03080240885417
1370226665,12.9512956407335
1370226960,13.0013020833333
1370599275,-1.49014896816678
1370599576,-1.58015780978733
1370147160,12.2912300957574
1370322053,10.311033460829
1370454063,8.05080625745985
1370599864,-1.86018625895182
1370600163,-1.86018625895182
1370322377,10.3410339355469
1370227263,12.9712973700629
1370147461,12.3412344190809
1370147453,12.3412344190809
1370322665,10.311033460829
1370322962,10.2710278828939
1370147760,12.3412344190809
1370227583,13.0013020833333
1370148060,12.2912300957574
1370227558,13.0013020833333
1370454388,8.10081058078342
1370600463,-2.09020932515462
1370323264,10.2010218302409
1370227864,12.9512956407335
1370454350,8.19081836276584
1370148360,12.2912300957574
1370323860,10.1710171169705
1370322948,10.2710278828939
1370323576,10.1510153876411
1370228160,12.9712973700629
1370148352,12.2912300957574
1370148661,12.3112318250868
1370600775,-2.2002198961046
1370323865,10.1710171169705
1370324162,10.2010218302409
1370454665,8.19081836276584
1370454960,8.19081836276584
1370148960,12.3412344190809
1370601075,-2.29022873772515
1370600167,-1.9701968299018
1370455264,8.29082912868924
1370228468,13.0013020833333
1370149265,12.3412344190809
1370324463,10.1510153876411
1370601065,-2.29022873772515
1370601362,-2.37023671468099
1370455255,8.29082912868924
1370601663,-2.6602660285102
1370324783,10.2210235595703
1370324759,10.2210235595703
1370455576,8.38083902994792
1370228462,13.0013020833333
1370455864,8.46084594726563
1370456161,8.50084940592448
1370325065,10.2010218302409
1370228777,12.9112921820747
1370325360,10.2010218302409
1370149561,12.3112318250868
1370601936,-2.81028111775716
1370601991,-2.63026343451606
1370229066,12.9112921820747
1370229361,12.9112921820747
1370602265,-2.86028544108073
1370325668,10.2010218302409
1370150164,12.2912300957574
1370149260,12.3412344190809
1370149860,12.271228366428
1370456464,8.50084940592448
1370602561,-2.75027487013075
1370150162,12.2912300957574
1370457066,8.67086834377713
1370456154,8.50084940592448
1370229663,12.8612857394748
1370602864,-2.81028111775716
1370150460,12.3112318250868
1370456775,8.55085584852431
1370230227,12.9512956407335
1370229366,12.9112921820747
1370457067,8.67086834377713
1370229994,12.8812874688043
1370457362,8.72087266710069
1370325663,10.2010218302409
1370230268,12.8812874688043
1370230560,12.9112921820747
1370325976,10.1310136583116
1370150760,12.2912300957574
1370603176,-2.890289094713
1370326265,10.1010110643175
1370457663,8.76087612575955
1370230864,12.9112921820747
1370602836,-2.92029274834527
1370326562,10.1310136583116
1370457990,8.74087439643012
1370151061,12.3112318250868
1370151021,12.3112318250868
1370603465,-2.890289094713
1370457965,8.74087439643012
1370603762,-3.01030053032769
1370326864,10.1310136583116
1370151360,12.4112404717339
1370231127,12.9112921820747
1370231185,12.8812874688043
1370327430,10.1510153876411
1370326573,10.1310136583116
1370458265,8.6208619011773
1370458560,8.53085411919488
1370151660,12.4112404717339
1370327176,10.1010110643175
1370231464,12.8812874688043
1370231760,12.8412840101454
1370151965,12.4312443203396
1370327465,10.1510153876411
1370327762,10.1510153876411
1370458864,8.41084162394206
1370604063,-2.8402837117513
1370328063,10.1310136583116
1370232068,12.8412840101454
1370152821,12.521252102322
1370151921,12.4312443203396
1370604654,-2.78027852376302
1370603736,-3.01030053032769
1370152261,12.4512460496691
1370604375,-2.86028544108073
1370152560,12.5012503729926
1370152865,12.521252102322
1370232027,12.8412840101454
1370458869,8.41084162394206
1370604665,-2.78027852376302
1370604963,-2.6602660285102
1370459176,8.38083902994792
1370328383,10.1010110643175
1370328330,10.1310136583116
1370232376,12.8812874688043
1370232665,12.8612857394748
1370232960,12.8412840101454
1370459464,8.22082307603624
1370459762,8.10081058078342
1370328664,10.1710171169705
1370328960,10.1510153876411
1370605263,-2.69026862250434
1370329271,10.1010110643175
1370460063,7.96079635620117
1370460633,7.76077694363064
1370459776,8.05080625745985
1370329230,10.0810072157118
1370233263,12.8112835354275
1370460376,7.8807873196072
1370605585,-2.60025978088379
1370605554,-2.60025978088379
1370233845,12.7912796868218
1370232943,12.8412840101454
1370329576,10.1010110643175
1370460669,7.76077694363064
1370460962,7.60076098971897
1370329865,10.0810072157118
1370233575,12.8112835354275
1370461263,7.57075839572483
1370330162,10.1010110643175
1370605865,-2.60025978088379
1370606160,-2.57025718688965
1370233864,12.7912796868218
1370234160,12.7712779574924
1370330463,10.0810072157118
1370606464,-2.63026343451606
1370331047,10.1010110643175
1370330151,10.1010110643175
1370234463,12.8112835354275
1370461588,7.50075022379557
1370461533,7.450745900472
1370330775,10.1310136583116
1370234745,12.7912796868218
1370461865,7.33073340521918
1370606458,-2.63026343451606
1370234788,12.8112835354275
1370331064,10.1010110643175
1370462160,7.31073167588976
1370331362,10.1010110643175
1370606775,-2.55025545756022
1370235065,12.8112835354275
1370235360,12.751276228163
1370331663,10.0810072157118
1370462464,7.31073167588976
1370607064,-2.60025978088379
1370607362,-2.60025978088379
1370331951,10.1010110643175
1370331987,10.1010110643175
1370235674,12.7212736341688
1370462433,7.31073167588976
1370607674,-2.55025545756022
1370332265,10.1510153876411
1370462777,7.21072090996636
1370332560,10.1310136583116
1370235662,12.7212736341688
1370463064,7.11071226331923
1370463362,7.0607058207194
1370332875,10.1010110643175
1370235976,12.7912796868218
1370607975,-2.46024661593967
1370608265,-2.55025545756022
1370607367,-2.60025978088379
1370236265,12.751276228163
1370332869,10.1010110643175
1370236561,12.7712779574924
1370608265,-2.60025978088379
1370463663,7.04070409138997
1370333178,10.1310136583116
1370464251,6.90068986680773
1370463350,7.0607058207194
1370333465,10.1710171169705
1370608562,-2.55025545756022
1370333762,10.1710171169705
1370236863,12.7712779574924
1370237456,12.7912796868218
1370236558,12.7712779574924
1370608864,-2.63026343451606
1370463976,6.90068986680773
1370464270,6.90068986680773
1370464562,6.90068986680773
1370237176,12.7912796868218
1370334064,10.1510153876411
1370237464,12.7912796868218
1370464863,6.82068294949002
1370237760,12.8112835354275
1370334659,10.1710171169705
1370333760,10.1710171169705
1370609178,-2.55025545756022
1370609164,-2.60025978088379
1370334375,10.1310136583116
1370238063,12.8112835354275
1370465164,6.75067477756076
1370465186,6.75067477756076
1370334665,10.1710171169705
1370334962,10.2210235595703
1370609464,-2.63026343451606
1370335263,10.1510153876411
1370609760,-2.52025180392795
1370465466,6.73067304823134
1370465760,6.75067477756076
1370238366,12.8612857394748
1370238383,12.8612857394748
1370466064,6.7006704542372
1370335571,10.2010218302409
1370335589,10.2010218302409
1370610064,-2.52025180392795
1370238664,12.8612857394748
1370238960,12.8812874688043
1370466071,6.7006704542372
1370335865,10.1510153876411
1370610082,-2.52025180392795
1370466377,-2.00020048353407
1370336160,10.1710171169705
1370239268,12.9512956407335
1370610375,-2.52025180392795
1370466664,6.38063854641385
1370466961,7.60076098971897
1370610664,-2.52025180392795
1370610964,-2.60025978088379
1370336466,10.1710171169705
1370239227,12.9512956407335
1370467877,8.03080240885417
1370466965,7.60076098971897
1370467264,7.86078559027778
1370239576,12.9312939114041
1370336430,10.2210235595703
1370336776,10.2010218302409
1370467576,8.03080240885417
1370611265,-2.55025545756022
1370239865,12.9712973700629
1370240160,13.0413055419922
1370337064,10.2010218302409
1370467870,8.03080240885417
1370468162,8.19081836276584
1370337361,10.2410252888997
1370468463,8.24082480536567
1370240463,13.0413055419922
1370611837,-2.49024920993381
1370610937,-2.57025718688965
1370337664,10.2910296122233
1370338230,10.311033460829
1370337330,10.2410252888997
1370611575,-2.49024920993381
1370241027,13.1313154432509
1370240127,13.0613072713216
1370468788,8.22082307603624
1370337975,10.2910296122233
1370240776,13.0913098653158
1370611865,-2.63026343451606
1370612163,-2.55025545756022
1370468733,8.22082307603624
1370338265,10.311033460829
1370338562,6.29062864515516
1370612463,-2.6602660285102
1370241071,13.1313154432509
1370241360,13.1613159179688
1370469065,8.17081875271267
1370469360,8.12081231011285
1370241664,13.1813176472982
1370338863,2.78027852376302
1370469665,8.12081231011285
1370612737,-2.63026343451606
1370241944,13.2213232252333
1370612785,-2.6602660285102
1370241980,13.2213232252333
1370339149,2.65026516384549
1370339190,2.65026516384549
1370613064,-2.52025180392795
1370613360,-2.63026343451606
1370242264,13.2713275485569
1370242560,13.2713275485569
1370469633,8.12081231011285
1370469976,7.96079635620117
1370339465,1.81018193562826
1370339760,2.39023844401042
1370242868,13.3113310072157
1370613664,-2.6602660285102
1370470265,7.84078386094835
1370470562,7.72077348497179
1370340064,2.41024017333984
1370613660,-2.6602660285102
1370242848,13.3113310072157
1370613976,-2.52025180392795
1370340055,2.41024017333984
1370470864,7.67076704237196
1370243176,13.3413357204861
1370243465,13.4013409084744
1370243761,13.4313456217448
1370614264,-2.6602660285102
1370614562,-2.69026862250434
1370471453,7.40074157714844
1370470533,7.72077348497179
1370340376,2.31023152669271
1370340664,2.34023412068685
1370471176,7.520751953125
1370340962,2.2002198961046
1370471467,7.40074157714844
1370471762,7.31073167588976
1370244064,13.451345231798
1370615468,-2.52025180392795
1370614554,-2.69026862250434
1370614864,-2.72027227613661
1370472063,7.14071485731337
1370244660,13.5213534037272
1370243748,13.4313456217448
1370341264,2.07020653618707
1370244376,13.4913508097331
1370615175,-2.63026343451606
1370341860,1.91019058227539
1370340948,2.2002198961046
1370244666,13.5213534037272
1370244960,13.5413551330566
1370341576,2.0202022128635
1370615465,-2.52025180392795
1370615763,-2.69026862250434
1370472392,7.04070409138997
1370472358,7.04070409138997
1370616063,-2.72027227613661
1370341865,1.91019058227539
1370342162,1.8401845296224
1370245263,13.5813585917155
1370472666,6.97069803873698
1370342473,1.89018885294596
1370472960,7.02070236206055
1370616369,-2.60025978088379
1370245558,13.6313629150391
1370245582,13.6313629150391
1370616385,-2.60025978088379
1370473264,6.90068986680773
1370342758,1.68016857571072
1370342786,1.68016857571072
1370245864,13.6513646443685
1370246160,13.7013710869683
1370616665,-2.63026343451606
1370616960,-2.60025978088379
1370473257,6.90068986680773
1370617270,-2.55025545756022
1370246469,13.7213728162977
1370343065,2.47024748060438
1370343360,2.62026256985135
1370473576,6.82068294949002
1370473864,6.77067650689019
1370474161,6.75067477756076
1370246464,13.7213728162977
1370617279,-2.55025545756022
1370617576,-2.63026343451606
1370343665,2.75027592976888
1370246776,13.7413745456272
1370617864,-2.6602660285102
1370474463,6.77067650689019
1370247064,13.791380988227
1370618163,-2.57025718688965
1370247360,13.8113827175564
1370475064,6.73067304823134
1370474163,6.75067477756076
1370343665,2.75027592976888
1370474775,6.73067304823134
1370343976,2.91029188368056
1370618465,-2.57025718688965
1370475066,6.73067304823134
1370475362,6.65066613091363
1370247663,13.86138704088
1370344264,2.96029620700412
1370344561,2.99029880099826
1370619037,-2.57025718688965
1370618181,-2.57025718688965
1370248227,13.9213943481445
1370247367,13.8313844468859
1370618775,-2.55025545756022
1370475663,6.58065795898438
1370619065,-2.69026862250434
1370619363,-2.6602660285102
1370344864,2.99029880099826
1370247976,13.9013904995388
1370345430,2.99029880099826
1370344570,2.99029880099826
1370248265,13.9213943481445
1370248560,13.9513948228624
1370619663,-2.57025718688965
1370475993,6.6006596883138
1370345176,3.07030783759223
1370619937,-2.72027227613661
1370475963,6.6006596883138
1370345465,3.09030956692166
1370248863,13.9713965521918
1370345762,2.99029880099826
1370619985,-2.60025978088379
1370249127,13.9913982815213
1370346063,3.1203121609158
1370620264,-2.63026343451606
1370620560,-2.6602660285102
1370476264,6.53065363566081
1370476560,6.51065190633138
1370249183,13.9913982815213
1370346383,3.17031648423937
1370476864,6.46064758300781
1370620864,-2.60025978088379
1370249464,14.0414047241211
1370249760,14.0814081827799
1370346330,3.20031907823351
1370620837,-2.72027227613661
1370250068,14.1314146253798
1370346665,3.07030783759223
1370476878,6.51065190633138
1370346960,3.1203121609158
1370621176,-2.57025718688965
1370250027,14.1014099121094
1370621465,-2.63026343451606
1370477175,6.43064286973741
1370621763,-2.72027227613661
1370477464,6.41064114040799
1370347269,3.22032292683919
1370477763,6.46064758300781
1370250376,14.1314146253798
1370347230,3.22032292683919
1370250664,14.1914198133681
1370250960,14.1914198133681
1370347576,3.22032292683919
1370622074,-2.72027227613661
1370622657,-2.6602660285102
1370621755,-2.72027227613661
1370347864,3.3003298441569
1370348162,3.22032292683919
1370251848,14.3114323086209
1370250944,14.1914198133681
1370251263,14.2414241366916
1370622376,-2.57025718688965
1370478633,6.33063422309028
1370477733,6.46064758300781
1370478063,6.38063854641385
1370251575,14.2614279852973
1370622665,-2.6602660285102
1370622962,-2.72027227613661
1370348464,3.22032292683919
1370478375,6.31063249376085
1370251864,14.3114323086209
1370349049,3.38033888075087
1370348150,3.22032292683919
1370252160,10.0610054863824
1370478666,6.31063249376085
1370478962,6.26062605116102
1370348776,3.25032552083333
1370252463,4.62046305338542
1370479263,6.2406243218316
1370349065,3.38033888075087
1370349362,3.4003406100803
1370252744,3.53035396999783
1370252781,3.53035396999783
1370349664,3.43034320407444
1370479593,6.26062605116102
1370253065,2.28022893269857
1370253360,2.28022893269857
1370349986,3.45034493340386
1370479533,6.29062864515516
1370253670,2.13021384345161
1370349948,3.480347527398
1370479864,6.31063249376085
1370480160,6.19061999850803
1370350265,3.480347527398
1370350560,3.43034320407444
1370480463,6.19061999850803
1370350864,3.45034493340386
1370253660,2.13021384345161
1370253976,1.91019058227539
1370350866,3.45034493340386
1370480456,6.19061999850803
1370254264,1.86018625895182
1370623263,-2.69026862250434
1370351176,3.43034320407444
1370480776,6.19061999850803
1370254565,2.39023844401042
1370481064,6.26062605116102
1370623555,-2.72027227613661
1370351464,3.56035656399197
1370351762,3.61036088731554
1370481362,6.19061999850803
1370623585,-2.72027227613661
1370623864,-2.69026862250434
1370624160,-2.69026862250434
1370352074,3.61036088731554
1370352659,3.66036732991536
1370351761,3.61036088731554
1370624469,-2.72027227613661
1370481663,6.1406135559082
1370482253,6.21062172783746
1370481351,6.19061999850803
1370254863,2.55025439792209
1370352375,3.53035396999783
1370352664,3.66036732991536
1370481976,6.19061999850803
1370352962,3.5803582933214
1370624473,-2.72027227613661
1370255456,2.47024748060438
1370254555,2.39023844401042
1370482269,6.21062172783746
1370482562,6.21062172783746
1370255175,2.55025439792209
1370624776,-2.06020567152235
1370353263,3.68036905924479
1370255469,2.47024748060438
1370625065,-1.83018366495768
1370625363,-1.52015262179905
1370482863,6.1406135559082
1370255770,2.41024017333984
1370626266,-1.18011792500814
1370625369,-1.52015262179905
1370625665,-1.3801383972168
1370483162,6.1406135559082
1370353586,3.73037338256836
1370353570,3.66036732991536
1370625975,-1.35013474358453
1370483190,6.1406135559082
1370626265,-1.18011792500814
1370626562,-1.1001099480523
1370353864,3.66036732991536
1370626863,-0.990099377102322
1370483465,6.16061740451389
1370483760,6.1406135559082
1370354160,3.68036905924479
1370354470,3.73037338256836
1370484067,6.16061740451389
1370627177,-0.960095723470052
1370627186,-0.960095723470052
1370354431,3.73037338256836
1370484071,6.16061740451389
1370354776,3.81038029988607
1370627464,-0.910091400146484
1370627760,-0.740074581570095
1370484376,6.16061740451389
1370355064,3.73037338256836
1370628064,-0.710070927937826
1370355362,3.81038029988607
1370484664,6.21062172783746
1370484964,6.21062172783746
1370628038,-0.710070927937826
1370356231,3.66036732991536
1370355331,3.89038933648003
1370628376,-0.660065544976128
1370355664,3.84038501315647
1370485263,6.21062172783746
1370628665,-0.580057568020291
1370628962,-0.440044403076172
1370485877,6.2406243218316
1370484967,6.21062172783746
1370355975,3.86038674248589
1370356265,3.27032725016276
1370356562,2.75027592976888
1370629838,-0.250024795532227
1370628938,-0.440044403076172
1370485576,6.2406243218316
1370629263,-0.410040749443902
1370485866,6.2406243218316
1370486162,6.16061740451389
1370356863,2.62026256985135
1370629576,-0.300030178493924
1370486463,6.16061740451389
1370629865,-0.250024795532227
1370630162,-0.0800079769558377
1370357147,2.47024748060438
1370357185,2.47024748060438
1370630474,0.0300025939941406
1370486786,6.16061740451389
1370486733,6.19061999850803
1370630760,0.140014224582248
1370357465,2.28022893269857
1370357760,2.23022249009874
1370630786,0.140014224582248
1370358067,2.2002198961046
1370358054,2.2002198961046
1370631064,0.110011630588108
1370631360,0.300030178493924
1370487065,6.19061999850803
1370487360,6.19061999850803
1370358376,2.15021557278103
1370358664,1.97019788953993
1370631666,0.380037095811632
1370358962,1.97019788953993
1370487664,6.21062172783746
1370631659,0.380037095811632
1370487633,6.26062605116102
1370359264,1.8401845296224
1370359861,2.52025180392795
1370358948,1.97019788953993
1370631976,0.350034501817491
1370632265,0.550056033664279
1370487976,6.16061740451389
1370359575,1.78017722235786
1370632562,0.600060356987847
1370488264,6.16061740451389
1370488564,6.16061740451389
1370359865,2.52025180392795
1370360162,2.60026084052192
1370360464,2.81028111775716
1370633468,0.760076310899523
1370632555,0.550056033664279
1370632864,0.600060356987847
1370489449,6.26062605116102
1370488534,6.2406243218316
1370488864,6.21062172783746
1370360760,2.78027852376302
1370360784,2.83028284708659
1370633175,0.710071987575955
1370489175,6.21062172783746
1370633465,0.760076310899523
1370633762,0.840083228217231
1370489465,6.26062605116102
1370361065,2.81028111775716
1370361360,2.88028717041016
1370489762,6.29062864515516
1370634064,0.790078904893663
1370490063,6.19061999850803
1370361668,2.91029188368056
1370634366,0.950094858805339
1370361667,2.91029188368056
1370490351,6.21062172783746
1370490390,6.19061999850803
1370634385,0.950094858805339
1370361976,3.07030783759223
1370634665,0.900090535481771
1370634960,0.950094858805339
1370362264,2.99029880099826
1370490664,6.21062172783746
1370362562,3.1203121609158
1370490960,6.19061999850803
1370635264,1.01010004679362
1370363431,3.07030783759223
1370362574,3.04030524359809
1370491264,6.2406243218316
1370362864,3.07030783759223
1370363176,2.99029880099826
1370491255,6.2406243218316
1370363467,3.04030524359809
1370635270,1.01010004679362
1370363762,3.07030783759223
1370491576,6.19061999850803
1370635577,1.11011081271701
1370364064,3.14031389024523
1370491864,6.29062864515516
1370492175,6.29062864515516
1370635865,1.14011340671115
1370636162,1.14011340671115
1370364331,3.25032552083333
1370364385,3.22032292683919
1370492464,6.26062605116102
1370493065,6.2406243218316
1370492162,6.29062864515516
1370364664,3.22032292683919
1370364960,3.22032292683919
1370492775,6.29062864515516
1370637038,1.30012936062283
1370636177,1.14011340671115
1370636463,1.25012503729926
1370365265,3.3003298441569
1370365252,3.3003298441569
1370493065,6.2406243218316
1370493362,6.26062605116102
1370636776,1.25012503729926
1370365576,3.61036088731554
1370637065,1.2801276312934
1370637362,1.3801383972168
1370493663,6.26062605116102
1370365864,3.91039106580946
1370366161,4.07040701972114
1370637663,1.3801383972168
1370493964,6.29062864515516
1370367053,4.27042643229167
1370366147,4.07040701972114
1370493990,6.33063422309028
1370637938,1.3801383972168
1370366464,4.17041778564453
1370637979,1.3801383972168
1370366776,4.24042383829753
1370494264,6.29062864515516
1370494560,6.33063422309028
1370367069,4.27042643229167
1370367362,4.37043719821506
1370638264,1.4901500278049
1370638560,1.4901500278049
1370494867,6.31063249376085
1370638864,1.4901500278049
1370367663,4.37043719821506
1370494881,6.31063249376085
1370638838,1.57015694512261
1370495176,6.31063249376085
1370367966,4.52045228746202
1370367989,4.52045228746202
1370639176,-1.32013214959039
1370495464,6.29062864515516
1370495765,6.31063249376085
1370639466,1.76017549302843
1370639762,4.17041778564453
1370368264,4.52045228746202
1370368560,4.57045661078559
1370496063,6.29062864515516
1370496634,6.31063249376085
1370495734,6.31063249376085
1370368873,4.70046997070313
1370640654,8.76087612575955
1370639755,4.17041778564453
1370368867,4.70046997070313
1370496375,6.36063681708442
1370496665,6.31063249376085
1370640063,6.1406135559082
1370369176,4.80048073662652
1370496962,6.29062864515516
1370640376,7.84078386094835
1370497263,6.41064114040799
1370640665,8.76087612575955
1370640962,9.31093215942383
1370369464,4.80048073662652
1370369762,4.90049150254991
1370641263,9.68096839057075
1370497534,6.38063854641385
1370497587,6.33063422309028
1370370675,5.05050659179688
1370369763,4.90049150254991
1370370064,4.95049582587348
1370641560,9.94099511040582
1370370375,5.00050014919705
1370641586,9.94099511040582
1370497864,6.41064114040799
1370498160,6.29062864515516
1370370667,5.05050659179688
1370370962,5.12051264444987
1370498466,6.36063681708442
1370641864,10.1510153876411
1370642160,10.2410252888997
1370371264,5.17051696777344
1370642468,10.3810373942057
1370498453,6.36063681708442
1370371531,5.2505260043674
1370371591,5.22052341037326
1370642477,10.3410339355469
1370498776,6.33063422309028
1370499064,6.41064114040799
1370642776,10.451045566135
1370499364,6.36063681708442
1370371864,5.30053032769097
1370372160,5.37053849962023
1370643064,10.5010520087348
1370643363,10.6110615200467
1370372464,5.45054541693793
1370372431,5.45054541693793
1370499664,6.38063854641385
1370643664,10.6110615200467
1370644268,10.6110615200467
1370643369,10.5710559421115
1370500255,6.46064758300781
1370499351,6.36063681708442
1370372776,5.5005497402615
1370499975,6.36063681708442
1370373064,5.52055358886719
1370373361,5.55055618286133
1370500265,6.46064758300781
1370500562,6.43064286973741
1370643976,10.6410641140408
1370644265,10.6110615200467
1370644562,10.6110615200467
1370500863,6.43064286973741
1370373664,5.65056482950846
1370374248,5.74057473076714
1370373331,5.55055618286133
1370644863,10.6610658433702
1370501164,6.46064758300781
1370373976,5.67056867811415
1370501186,6.43064286973741
1370374266,5.74057473076714
1370374562,5.74057473076714
1370645177,10.6810675726997
1370501464,6.46064758300781
1370501760,6.48064931233724
1370645185,10.6610658433702
1370374864,5.74057473076714
1370502064,6.43064286973741
1370645464,10.6610658433702
1370645760,10.6810675726997
1370502067,6.43064286973741
1370375148,5.84058549669054
1370646064,10.7510757446289
1370375190,5.92059241400825
1370502376,6.48064931233724
1370646038,10.7510757446289
1370502664,6.48064931233724
1370502964,6.43064286973741
1370375465,5.89058982001411
1370375760,5.97059673733181
1370646376,10.6810675726997
1370376064,5.92059241400825
1370646665,10.7110722859701
1370646963,10.7110722859701
1370503263,6.46064758300781
1370376053,5.92059241400825
1370503874,6.46064758300781
1370502962,6.43064286973741
1370376376,6.04060490926107
1370647838,10.7310740152995
1370646938,10.7110722859701
1370376664,6.09060923258463
1370376962,6.11061096191406
1370647264,10.7110722859701
1370503575,6.43064286973741
1370647576,10.6810675726997
1370503865,6.46064758300781
1370504162,6.55065536499023
1370647866,10.7310740152995
1370648162,10.7310740152995
1370377860,6.21062172783746
1370376960,6.16061740451389
1370377264,6.11061096191406
1370648463,10.7310740152995
1370504463,6.51065190633138
1370377576,6.16061740451389
1370504734,6.46064758300781
1370648755,10.7110722859701
1370377865,6.21062172783746
1370378162,6.2406243218316
1370504790,6.51065190633138
1370648785,10.7110722859701
1370378465,6.26062605116102
1370378761,6.38063854641385
1370649064,10.7510757446289
1370505064,6.46064758300781
1370505360,6.53065363566081
1370649360,10.6810675726997
1370378786,6.33063422309028
1370505665,6.51065190633138
1370379065,6.36063681708442
1370379360,6.46064758300781
1370649665,10.7310740152995
1370505634,6.51065190633138
1370379665,6.46064758300781
1370505976,6.48064931233724
1370379678,6.51065190633138
1370649657,10.7310740152995
1370506264,6.53065363566081
1370506563,6.51065190633138
1370649976,10.7110722859701
1370379976,5.22052341037326
1370650265,10.7310740152995
1370380264,5.55055618286133
1370380561,5.62056223551432
1370650563,10.7110722859701
1370507451,6.53065363566081
1370506534,6.51065190633138
1370506864,6.58065795898438
1370507175,6.51065190633138
1370650864,10.7110722859701
1370651469,10.781078338623
1370650557,10.7110722859701
1370380864,5.87058597140842
1370381432,6.06060663859049
1370380532,5.62056223551432
1370507465,6.53065363566081
1370507762,6.48064931233724
1370381175,5.94059414333767
1370651175,10.6810675726997
1370508063,6.51065190633138
1370651465,10.781078338623
1370651762,10.7110722859701
1370508352,6.53065363566081
1370381468,6.09060923258463
1370381762,6.09060923258463
1370652063,10.7510757446289
1370652372,10.781078338623
1370508393,6.51065190633138
1370652380,10.781078338623
1370508664,6.51065190633138
1370508960,6.6006596883138
1370509272,6.51065190633138
1370652665,10.781078338623
1370652960,10.7510757446289
1370509255,6.51065190633138
1370653271,10.7310740152995
1370653264,10.781078338623
1370509577,6.58065795898438
1370653576,10.8010821872287
1370509864,6.55065536499023
1370510164,6.6006596883138
1370653866,10.781078338623
1370654163,10.7510757446289
1370511064,6.65066613091363
1370510163,6.6006596883138
1370510464,6.6006596883138
1370655038,10.7510757446289
1370654176,10.781078338623
1370654463,10.8010821872287
1370510775,6.6306644015842
1370511066,6.65066613091363
1370511362,1.33013407389323
1370654776,10.781078338623
1370511965,2.0202022128635
1370511664,3.53035396999783
1370655066,10.7510757446289
1370655363,10.8010821872287
1370655938,10.7510757446289
1370655663,10.7510757446289
1370511995,2.0202022128635
1370512264,2.18021816677517
1370655985,10.781078338623
1370512560,1.62016126844618
1370512883,1.44014358520508
1370512871,1.41014099121094
1370656265,10.7310740152995
1370656560,10.6810675726997
1370656864,10.8210839165582
1370656838,10.8210839165582
1370513177,1.09010908338759
1370513464,0.900090535481771
1370513762,0.550056033664279
1370514634,-0.270026524861654
1370513734,0.550056033664279
1370657176,10.8010821872287
1370657466,10.8710861206055
1370657763,10.8910899692112
1370514063,0.330032772488064
1370514375,0.0300025939941406
1370514665,-0.270026524861654
1370658655,10.9410942925347
1370657755,10.8910899692112
1370514962,-0.470046997070313
1370658063,10.9110916985406
1370515264,-0.740074581570095
1370515551,-0.910091400146484
1370658376,10.9810977511936
1370658665,10.9410942925347
1370658962,10.9110916985406
1370515594,-0.850085152520074
1370659558,10.9610960218641
1370659263,10.9810977511936
1370515866,-1.1001099480523
1370516160,-1.35013474358453
1370659585,10.9610960218641
1370516455,-1.63016319274902
1370516472,-1.63016319274902
1370659865,10.9410942925347
1370660160,10.9110916985406
1370660472,10.9610960218641
1370660464,10.9610960218641
1370516776,-1.77017741733127
1370517064,-2.09020932515462
1370517362,-2.2002198961046
1370518265,-2.86028544108073
1370517351,-2.2002198961046
1370660776,10.9810977511936
1370661065,10.9610960218641
1370661363,10.9610960218641
1370517666,-2.55025545756022
1370662267,10.9810977511936
1370661369,10.9610960218641
1370517976,-2.72027227613661
1370661663,10.9410942925347
1370518266,-2.86028544108073
1370518562,-3.19031927320692
1370661975,10.9810977511936
1370519165,-3.48034858703613
1370518863,-3.22032186720106
1370662265,10.9810977511936
1370662562,10.9810977511936
1370662863,10.9410942925347
1370519190,-3.48034858703613
1370663176,10.9810977511936
1370519464,-3.66036627027724
1370519760,-3.66036627027724
1370520068,-3.51035118103027
1370663186,10.9810977511936
1370520070,-3.51035118103027
1370663465,11.011102464464
1370663760,10.9610960218641
1370664064,10.9410942925347
1370664038,10.9410942925347
1370520376,-3.0703067779541
1370520664,-2.86028544108073
1370520962,-2.60025978088379
1370521834,-2.57025718688965
1370520974,-2.60025978088379
1370664376,11.0311041937934
1370664665,11.1911180284288
1370521264,-2.60025978088379
1370664963,11.2411244710286
1370521577,-2.4302429623074
1370665856,10.9610960218641
1370664938,11.2411244710286
1370521865,-2.46024661593967
1370522162,-2.4302429623074
1370665264,11.0511059231228
1370522734,-2.4302429623074
1370522464,-2.55025545756022
1370665576,11.011102464464
1370665866,10.9610960218641
1370666162,10.9410942925347
1370522789,-2.52025180392795
1370666757,10.9610960218641
1370666464,10.9110916985406
1370523064,-2.55025545756022
1370523360,-2.4302429623074
1370666785,10.8910899692112
1370523634,-2.49024920993381
1370523666,-2.49024920993381
1370667065,10.9410942925347
1370667360,10.9610960218641
1370667661,10.9610960218641
1370667666,10.9610960218641
1370523976,-2.46024661593967
1370524264,-2.46024661593967
1370524562,-2.52025180392795
1370667976,11.011102464464
1370525454,-2.46024661593967
1370524552,-2.52025180392795
1370668265,11.011102464464
1370668563,11.0311041937934
1370669469,11.011102464464
1370668567,11.0311041937934
1370524864,-2.49024920993381
1370668863,11.011102464464
1370525176,-2.49024920993381
1370669176,10.9410942925347
1370525465,-2.46024661593967
1370525762,-2.4302429623074
1370669465,11.011102464464
1370669762,11.0311041937934
1370526064,-2.4302429623074
1370670368,10.9810977511936
1370670063,11.0311041937934
1370526392,-2.4302429623074
1370671282,10.9610960218641
1370670385,10.9810977511936
1370670665,10.9610960218641
1370670960,11.011102464464
1370671264,11.0511059231228
1370673038,11.0311041937934
1370672138,10.9610960218641
1370671576,11.011102464464
1370671865,11.011102464464
1370672163,10.9610960218641
1370672463,11.011102464464
1370672776,11.011102464464
1370673065,11.0311041937934
1370673362,10.9610960218641
1370673663,10.9610960218641
1370673980,10.9810977511936
