1370526960,-0.110010570949978
1370526352,-0.0600062476264106
1370527266,-0.220022201538086
1370527576,-0.220022201538086
1370527865,-0.140014224582248
1370528162,-0.190018547905816
1370256063,3.17031648423937
1370527271,-0.220022201538086
1370673938,1.73017289903429
1370070063,9.82098261515299
1370674264,1.81018193562826
1370674560,1.78017722235786
1370382064,4.70046997070313
1370153160,11.5411546495226
1370528464,-0.190018547905816
1370153460,11.561156378852
1370528776,-0.220022201538086
1370153763,11.6311645507813
1370070361,9.78097703721788
1370070660,9.82098261515299
1370070960,9.82098261515299
1370529064,-0.220022201538086
1370528167,-0.190018547905816
1370529064,-0.220022201538086
1370529362,-0.170016818576389
1370154060,11.6311645507813
1370153740,11.6311645507813
1370071260,9.94099511040582
1370070919,9.85098520914713
1370070066,9.82098261515299
1370382384,4.70046997070313
1370256391,3.07030783759223
1370529664,-0.270026524861654
1370382332,4.75047641330295
1370382664,4.77047814263238
1370382960,4.97049755520291
1370071560,9.89098866780599
1370154360,11.7411740620931
1370154661,11.7711766560872
1370383273,5.00050014919705
1370529992,-0.190018547905816
1370154960,11.8111822340224
1370071861,9.99099943372938
1370154640,11.7711766560872
1370530264,-0.140014224582248
1370530560,-0.270026524861654
1370155260,11.8811882866753
1370072160,9.94099511040582
1370529972,-0.250024795532227
1370072460,10.0110032823351
1370155560,11.9011900160048
1370071819,9.99099943372938
1370383577,5.05050659179688
1370530866,-0.250024795532227
1370383864,5.22052341037326
1370383254,5.00050014919705
1370384163,5.20051956176758
1370155861,11.971198187934
1370156160,12.0212046305339
1370072760,9.96099683973524
1370384464,5.35053465101454
1370531176,-0.140014224582248
1370073061,10.0110032823351
1370073360,10.0610054863824
1370156464,12.0912085639106
1370531465,-0.250024795532227
1370155542,11.9011900160048
1370531761,-0.250024795532227
1370384776,5.37053849962023
1370073663,9.99099943372938
1370072719,10.0110032823351
1370530835,-0.250024795532227
1370385066,5.42054282294379
1370385362,5.55055618286133
1370385049,5.42054282294379
1370384148,5.20051956176758
1370532065,-0.270026524861654
1370256665,2.91029188368056
1370385664,5.6005605061849
1370073960,9.94099511040582
1370074260,10.0610054863824
1370385987,5.67056867811415
1370532376,-0.220022201538086
1370256960,2.86028544108073
1370156760,12.1512158711751
1370157060,12.2212219238281
1370074560,10.0310028923882
1370256368,2.99029880099826
1370532665,-0.250024795532227
1370257273,2.75027592976888
1370532962,-0.270026524861654
1370532635,-0.250024795532227
1370531735,-0.250024795532227
1370533263,-0.270026524861654
1370386264,5.72057088216146
1370386560,5.74057473076714
1370386864,5.79057905409071
1370385960,5.62056223551432
1370157362,12.3112318250868
1370074539,10.0310028923882
1370073643,9.99099943372938
1370074860,9.99099943372938
1370157660,12.3612361484104
1370533588,-0.190018547905816
1370157354,12.3112318250868
1370156455,12.0912085639106
1370075160,10.0810072157118
1370387176,5.89058982001411
1370157960,12.4312443203396
1370075461,10.1510153876411
1370387464,5.94059414333767
1370387762,6.02060106065538
1370158261,12.5012503729926
1370533865,-0.220022201538086
1370158560,12.5412538316515
1370075760,10.0810072157118
1370386869,5.87058597140842
1370158860,12.6112620035807
1370076060,10.1710171169705
1370534160,-0.190018547905816
1370533552,-0.190018547905816
1370257576,2.75027592976888
1370158252,12.5012503729926
1370075438,10.1310136583116
1370534466,-0.170016818576389
1370159160,12.68127017551
1370076360,10.2010218302409
1370159461,12.68127017551
1370076661,10.1510153876411
1370159760,12.7912796868218
1370388064,6.02060106065538
1370076960,10.2710278828939
1370534776,-0.190018547905816
1370077263,10.2210235595703
1370257864,2.55025439792209
1370160064,12.7912796868218
1370160021,12.7912796868218
1370159162,12.68127017551
1370535064,-0.190018547905816
1370535361,-0.330032772488064
1370076351,10.2010218302409
1370388375,6.09060923258463
1370258163,2.52025180392795
1370388665,6.16061740451389
1370388962,6.2406243218316
1370534456,-0.170016818576389
1370389264,6.29062864515516
1370257227,2.73027208116319
1370077560,10.2410252888997
1370388670,6.16061740451389
1370387759,6.02060106065538
1370160360,12.8812874688043
1370160660,12.9312939114041
1370535663,-0.190018547905816
1370077860,10.2210235595703
1370389587,6.36063681708442
1370078161,10.2210235595703
1370258465,2.34023412068685
1370160963,13.0013020833333
1370389864,6.41064114040799
1370390160,6.48064931233724
1370078460,10.1010110643175
1370535976,-0.190018547905816
1370390464,6.51065190633138
1370389532,6.29062864515516
1370536268,-0.270026524861654
1370536562,-0.330032772488064
1370258776,2.34023412068685
1370078162,10.2410252888997
1370077258,10.2210235595703
1370536264,-0.270026524861654
1370536864,-0.330032772488064
1370535352,-0.330032772488064
1370161260,13.0213038126628
1370078760,10.0810072157118
1370160921,13.0013020833333
1370079061,10.0110032823351
1370161560,13.1113115946452
1370259065,2.44024488661024
1370259362,2.52025180392795
1370537189,-0.220022201538086
1370259027,2.44024488661024
1370258127,2.52025180392795
1370161861,13.1613159179688
1370079360,9.96099683973524
1370079660,9.92099338107639
1370259663,2.68026775783963
1370390776,6.55065536499023
1370391065,6.6306644015842
1370079063,10.0110032823351
1370391363,6.65066613091363
1370390432,6.51065190633138
1370162160,13.2213232252333
1370079965,9.92099338107639
1370537465,-0.300030178493924
1370162460,13.2713275485569
1370537760,-0.300030178493924
1370391664,6.65066613091363
1370161821,13.1613159179688
1370537168,-0.220022201538086
1370259982,2.73027208116319
1370162760,13.3113310072157
1370538066,-0.220022201538086
1370163061,13.381339179145
1370080261,9.99099943372938
1370391975,6.73067304823134
1370080560,9.94099511040582
1370163360,13.4313456217448
1370260264,2.68026775783963
1370259945,2.68026775783963
1370392265,6.75067477756076
1370392562,6.87068727281359
1370163666,13.4713490804036
1370080864,9.99099943372938
1370260560,2.81028111775716
1370080819,9.99099943372938
1370079919,9.94099511040582
1370392252,6.75067477756076
1370391332,6.65066613091363
1370162737,13.3113310072157
1370538376,0.110011630588108
1370260871,2.83028284708659
1370538664,0.380037095811632
1370081160,10.0310028923882
1370163960,13.5413551330566
1370392863,6.87068727281359
1370081460,10.0810072157118
1370538069,-0.220022201538086
1370538962,0.460046132405599
1370081760,10.0810072157118
1370393185,6.90068986680773
1370164260,13.5613568623861
1370261176,2.83028284708659
1370164562,13.6313629150391
1370261464,2.88028717041016
1370082060,10.1510153876411
1370539263,0.650064680311415
1370261762,2.88028717041016
1370393465,6.99069976806641
1370393760,6.99069976806641
1370164860,13.7013710869683
1370260852,2.83028284708659
1370081719,10.1010110643175
1370082360,10.1710171169705
1370393149,6.90068986680773
1370394066,7.04070409138997
1370164553,13.6313629150391
1370163643,13.451345231798
1370165160,13.7413745456272
1370082664,10.2210235595703
1370539575,0.740074581570095
1370262064,2.81028111775716
1370082960,10.2710278828939
1370165461,13.791380988227
1370083260,10.3610356648763
1370539864,0.950094858805339
1370262375,2.96029620700412
1370540162,0.980097452799479
1370394376,7.11071226331923
1370540464,1.06010648939345
1370083564,10.3810373942057
1370082639,10.2210235595703
1370539835,0.840083228217231
1370538976,0.49004872639974
1370394664,7.14071485731337
1370262666,2.96029620700412
1370165760,13.86138704088
1370394964,7.16071658664279
1370166060,13.8313844468859
1370394054,7.04070409138997
1370262656,2.96029620700412
1370261745,2.88028717041016
1370540792,1.19011984931098
1370165452,13.791380988227
1370262962,2.96029620700412
1370083861,10.451045566135
1370084160,10.5010520087348
1370166360,13.9713965521918
1370263264,2.96029620700412
1370395264,7.16071658664279
1370084463,10.5410554673937
1370083537,10.4110421074761
1370166661,13.9713965521918
1370541065,1.30012936062283
1370541360,1.41014099121094
1370166960,14.011402130127
1370263585,2.99029880099826
1370395575,7.23072475857205
1370166352,13.9713965521918
1370395862,7.31073167588976
1370394962,7.16071658664279
1370540735,1.22012244330512
1370167265,14.0814081827799
1370541677,1.46014531453451
1370395865,7.31073167588976
1370396162,7.35073513454861
1370084760,10.5910597907172
1370263864,2.9402944776747
1370264160,3.04030524359809
1370085060,10.6610658433702
1370085360,10.7310740152995
1370263555,3.07030783759223
1370396463,7.43074205186632
1370167560,14.1314146253798
1370264470,3.07030783759223
1370085660,10.781078338623
1370541976,1.54015435112847
1370167860,14.1514163547092
1370396785,7.48074849446615
1370085353,10.7310740152995
1370084442,10.5410554673937
1370085960,10.8510865105523
1370168162,14.2414241366916
1370264776,3.01030053032769
1370397064,7.50075022379557
1370086261,10.8210839165582
1370396764,7.450745900472
1370265064,3.1203121609158
1370265362,3.1203121609158
1370397360,7.48074849446615
1370542264,1.57015694512261
1370542561,1.62016126844618
1370086560,10.9610960218641
1370397665,7.520751953125
1370264476,3.07030783759223
1370086860,11.011102464464
1370541635,1.46014531453451
1370168121,14.2214245266385
1370167268,14.0814081827799
1370086252,10.8210839165582
1370542865,1.57015694512261
1370168460,14.2614279852973
1370087160,11.011102464464
1370265664,3.17031648423937
1370168760,14.2814297146267
1370397976,7.60076098971897
1370087461,11.1211140950521
1370169061,14.3714374966092
1370265975,3.14031389024523
1370543175,1.62016126844618
1370087760,11.1711162990994
1370169360,14.3714374966092
1370398264,7.64076444837782
1370398562,7.67076704237196
1370543467,1.68016857571072
1370543763,1.65016598171658
1370169660,14.4414435492622
1370088063,11.1711162990994
1370266266,3.27032725016276
1370266562,3.17031648423937
1370397679,7.520751953125
1370169021,14.3714374966092
1370266229,3.17031648423937
1370265329,3.1203121609158
1370087151,11.011102464464
1370543453,1.60015953911675
1370542558,1.62016126844618
1370169960,14.4614473978678
1370266863,3.20031907823351
1370544063,1.62016126844618
1370398864,7.72077348497179
1370170263,14.5514551798503
1370399176,7.69076877170139
1370088360,11.2411244710286
1370170560,14.6014616224501
1370088660,11.3111326429579
1370399465,7.79077953762478
1370267189,3.3003298441569
1370399762,7.81078126695421
1370170866,14.6014616224501
1370544395,1.57015694512261
1370399432,7.79077953762478
1370170842,14.6014616224501
1370169921,14.4614473978678
1370398532,7.69076877170139
1370088960,11.3811386956109
1370400063,7.86078559027778
1370267465,3.27032725016276
1370267760,3.27032725016276
1370267129,3.25032552083333
1370089260,11.4011404249403
1370088919,11.3811386956109
1370088067,11.1711162990994
1370544358,1.57015694512261
1370544665,1.60015953911675
1370544960,1.60015953911675
1370268069,3.45034493340386
1370545265,1.4901500278049
1370171160,14.6414650811089
1370089560,11.4711464775933
1370400386,7.86078559027778
1370171460,14.6914694044325
1370089861,11.5411546495226
1370400332,7.8807873196072
1370400664,7.93079376220703
1370400960,7.9807980855306
1370268376,3.4003406100803
1370090160,11.5811581081814
1370090460,11.6311645507813
1370089819,11.5411546495226
1370268664,3.35033416748047
1370268961,3.4003406100803
1370268050,3.45034493340386
1370171762,14.7314749823676
1370545576,1.54015435112847
1370401264,8.05080625745985
1370545865,1.57015694512261
1370545269,1.4901500278049
1370546162,1.54015435112847
1370172060,14.8014810350206
1370171743,14.7314749823676
1370269263,3.480347527398
1370401575,8.05080625745985
1370172360,14.82148276435
1370090760,11.6711680094401
1370401864,8.12081231011285
1370172660,14.891488817003
1370401253,8.05080625745985
1370402162,8.10081058078342
1370269575,3.45034493340386
1370269847,3.56035656399197
1370268945,3.4003406100803
1370546464,1.52015262179905
1370269864,3.56035656399197
1370270162,3.5803582933214
1370172960,14.9114905463325
1370172643,14.891488817003
1370091061,11.7211744520399
1370091360,11.7711766560872
1370402464,8.19081836276584
1370270463,3.61036088731554
1370546775,1.54015435112847
1370091664,11.8111822340224
1370090719,11.6311645507813
1370547067,1.52015262179905
1370546167,1.54015435112847
1370547069,1.52015262179905
1370547362,1.44014358520508
1370402775,8.19081836276584
1370173270,14.9314943949382
1370173560,15.0015004475911
1370270787,3.56035656399197
1370547663,1.44014358520508
1370403050,8.27082739935981
1370402149,8.10081058078342
1370403065,8.27082739935981
1370403362,8.22082307603624
1370173860,15.04150390625
1370270762,3.56035656399197
1370271064,3.68036905924479
1370271360,3.56035656399197
1370547996,1.46014531453451
1370091960,11.8811882866753
1370092260,11.9011900160048
1370092560,11.9511964586046
1370403664,8.29082912868924
1370271671,3.63036261664497
1370548265,1.46014531453451
1370547975,1.46014531453451
1370548560,1.4901500278049
1370092540,11.9511964586046
1370091642,11.8111822340224
1370174169,15.0715086195204
1370173557,15.0015004475911
1370174471,15.1315138075087
1370174760,15.1615164015028
1370092860,11.9911999172635
1370548864,1.41014099121094
1370403991,8.31083085801866
1370093160,12.0612080891927
1370403961,8.27082739935981
1370093461,12.0612080891927
1370404266,8.31083085801866
1370271976,3.63036261664497
1370404560,8.29082912868924
1370271666,3.63036261664497
1370272264,3.38033888075087
1370272561,3.25032552083333
1370093760,12.1512158711751
1370404877,8.41084162394206
1370175066,15.2015219794379
1370175360,15.2515263027615
1370549176,1.52015262179905
1370094060,12.2012201944987
1370093439,12.0612080891927
1370175351,15.2515263027615
1370174453,15.1315138075087
1370175660,15.2515263027615
1370549464,1.4901500278049
1370548835,1.52015262179905
1370549761,1.52015262179905
1370094360,12.2512266370985
1370272863,3.17031648423937
1370405176,8.41084162394206
1370094661,12.2912300957574
1370550064,1.46014531453451
1370094960,12.3612361484104
1370175977,15.3415340847439
1370273176,3.07030783759223
1370404870,8.41084162394206
1370095264,12.4112404717339
1370405464,8.43084335327148
1370405761,8.38083902994792
1370094351,12.2512266370985
1370176265,15.3415340847439
1370176565,15.3615358140734
1370273471,2.96029620700412
1370273464,2.96029620700412
1370272557,3.27032725016276
1370273762,2.88028717041016
1370550375,1.46014531453451
1370550635,1.46014531453451
1370549735,1.52015262179905
1370550667,1.46014531453451
1370550962,1.44014358520508
1370406064,8.34083557128906
1370274063,2.68026775783963
1370176864,15.451545715332
1370551264,1.44014358520508
1370095560,12.3812399970161
1370406375,8.43084335327148
1370095860,12.4712477789985
1370096160,12.5012503729926
1370406675,8.38083902994792
1370274383,2.73027208116319
1370405766,8.38083902994792
1370406666,8.43084335327148
1370177181,15.4715474446615
1370551594,1.44014358520508
1370406962,8.43084335327148
1370177121,15.4715474446615
1370176264,15.3415340847439
1370096152,12.5012503729926
1370095263,12.4112404717339
1370177464,15.5115509033203
1370177760,15.5415556165907
1370274329,2.70026948716905
1370274684,2.57025824652778
1370274960,2.41024017333984
1370407263,8.41084162394206
1370096460,12.5612576802572
1370551865,1.4901500278049
1370178068,15.5815590752496
1370552160,1.46014531453451
1370551553,1.4901500278049
1370096760,12.5912602742513
1370275269,2.36023585001628
1370552465,1.4901500278049
1370407593,8.43084335327148
1370178376,15.601560804579
1370097061,12.6612663269043
1370178664,15.6515651279026
1370178025,15.601560804579
1370097360,12.68127017551
1370097065,12.68127017551
1370178960,15.6915707058377
1370275576,2.31023152669271
1370097660,12.7212736341688
1370407532,8.48084767659505
1370407864,8.43084335327148
1370408160,8.46084594726563
1370097960,12.7712779574924
1370275864,2.57025824652778
1370275229,2.36023585001628
1370276162,2.52025180392795
1370552776,3.09030956692166
1370553064,2.86028544108073
1370408465,8.46084594726563
1370552455,1.4901500278049
1370553361,1.33013407389323
1370179263,15.7115724351671
1370276464,2.60026084052192
1370179575,15.7815784878201
1370098261,12.7912796868218
1370179843,15.7815784878201
1370178926,15.7115724351671
1370179865,15.7815784878201
1370180160,15.8315828111437
1370098560,12.8112835354275
1370553664,0.930093129475911
1370276775,2.62026256985135
1370408776,8.48084767659505
1370098819,12.8612857394748
1370097919,12.7712779574924
1370180463,15.8915901184082
1370277046,2.65026516384549
1370276129,2.52025180392795
1370098864,12.8812874688043
1370409065,8.41084162394206
1370553975,0.630062950981988
1370277065,2.65026516384549
1370277362,2.75027592976888
1370408432,8.48084767659505
1370554269,0.600060356987847
1370554562,0.52005132039388
1370554265,0.600060356987847
1370553353,1.33013407389323
1370409362,8.46084594726563
1370277663,2.78027852376302
1370180781,15.9115918477376
1370180744,15.8715883890788
1370554864,0.460046132405599
1370099160,12.9712973700629
1370181064,15.9615961710612
1370181360,15.9815979003906
1370099460,13.0013020833333
1370409664,8.50084940592448
1370099761,13.0213038126628
1370555190,0.49004872639974
1370277982,2.78027852376302
1370181667,16.0015996297201
1370409976,8.48084767659505
1370099720,13.0213038126628
1370100060,13.0913098653158
1370410249,8.46084594726563
1370409332,8.43084335327148
1370278264,2.88028717041016
1370278560,2.75027592976888
1370555465,0.550056033664279
1370277946,2.78027852376302
1370555760,0.52005132039388
1370100360,13.1813176472982
1370410266,8.46084594726563
1370410562,8.55085584852431
1370555164,0.49004872639974
1370410863,8.53085411919488
1370278869,2.86028544108073
1370556069,0.550056033664279
1370100661,13.1613159179688
1370181976,16.0516060723199
1370411190,8.53085411919488
1370100960,13.2513258192274
1370100638,13.1613159179688
1370101260,13.2713275485569
1370181647,16.0015996297201
1370279176,3.14031389024523
1370182264,16.1116112603082
1370182560,16.0916095309787
1370101561,13.3113310072157
1370411149,8.53085411919488
1370411465,8.57085757785373
1370556376,0.49004872639974
1370279464,3.480347527398
1370278850,2.86028544108073
1370279761,3.7603759765625
1370411760,8.65086449517144
1370556664,0.550056033664279
1370412065,8.67086834377713
1370556076,0.550056033664279
1370556962,0.460046132405599
1370101861,13.3413357204861
1370102160,13.3613374498155
1370182863,16.1116112603082
1370557274,0.550056033664279
1370280064,3.99040010240343
1370101537,13.2913292778863
1370102463,13.4013409084744
1370412376,8.74087439643012
1370280376,4.09040874905056
1370412665,8.72087266710069
1370280664,4.17041778564453
1370280659,4.17041778564453
1370279758,3.7603759765625
1370557575,0.52005132039388
1370280962,4.14041307237413
1370557836,0.49004872639974
1370556979,0.460046132405599
1370412057,8.67086834377713
1370557870,0.49004872639974
1370558162,0.550056033664279
1370183176,16.2016211615668
1370412962,8.74087439643012
1370281264,4.27042643229167
1370102760,13.4713490804036
1370103060,13.4913508097331
1370183456,16.1816194322374
1370182554,16.0916095309787
1370558464,0.49004872639974
1370183470,16.1816194322374
1370183760,16.231623755561
1370103360,13.5613568623861
1370184064,16.2916310628255
1370413264,8.79087871975369
1370281585,4.4004397922092
1370103354,13.5613568623861
1370102445,13.4013409084744
1370103660,13.6113611857096
1370558791,0.49004872639974
1370413575,8.81088256835938
1370281558,4.29042816162109
1370281864,4.45044623480903
1370103960,13.6313629150391
1370413865,8.91089121500651
1370414162,8.88088862101237
1370282160,4.52045228746202
1370413861,8.88088862101237
1370412964,8.74087439643012
1370184378,16.2716293334961
1370104261,13.6313629150391
1370414463,9.00090111626519
1370184664,16.3416353861491
1370282469,4.55045488145616
1370104560,13.7013710869683
1370184355,16.2916310628255
1370558736,0.460046132405599
1370559065,0.460046132405599
1370559360,0.52005132039388
1370184960,16.3816367255317
1370104860,13.7213728162977
1370104253,13.6313629150391
1370414786,9.05090543958876
1370559664,0.550056033664279
1370185270,16.4316431681315
1370105160,13.791380988227
1370415065,9.05090543958876
1370415360,9.12091149224175
1370414771,9.05090543958876
1370105461,13.8113827175564
1370105760,13.86138704088
1370415674,9.12091149224175
1370282776,4.55045488145616
1370105151,13.791380988227
1370559976,0.52005132039388
1370106063,13.9013904995388
1370283064,4.67046737670898
1370283362,4.65046564737956
1370282481,4.5004505581326
1370185576,16.4316431681315
1370560264,0.550056033664279
1370559636,0.550056033664279
1370560562,0.52005132039388
1370185272,16.4316431681315
1370185864,16.4716466267904
1370186160,16.4916483561198
1370415976,9.28092956542969
1370283664,4.80048073662652
1370416264,9.33093388875326
1370560864,0.550056033664279
1370415632,9.12091149224175
1370416562,9.38093821207682
1370106360,13.9513948228624
1370106660,14.011402130127
1370106961,14.0614064534505
1370561175,0.460046132405599
1370283975,4.92049323187934
1370186463,16.5416547987196
1370561470,0.570057762993707
1370561455,0.570057762993707
1370560554,0.52005132039388
1370561762,0.570057762993707
1370284229,4.87048678927951
1370283329,4.65046564737956
1370284265,4.90049150254991
1370284562,5.05050659179688
1370107260,14.011402130127
1370106920,14.011402130127
1370106071,13.9013904995388
1370562063,0.49004872639974
1370186776,16.561656528049
1370187066,16.5816582573785
1370416875,9.49094984266493
1370187360,16.6516664293077
1370284863,5.00050014919705
1370187026,16.5816582573785
1370186126,16.4916483561198
1370107560,14.0614064534505
1370187663,16.6516664293077
1370562393,0.52005132039388
1370107861,14.1714180840386
1370285184,5.15051523844401
1370417175,9.61096021864149
1370417465,9.71097310384115
1370417432,9.73097271389431
1370416532,9.40093994140625
1370417762,9.82098261515299
1370187978,16.6516664293077
1370108160,14.1314146253798
1370107820,14.1014099121094
1370285464,5.15051523844401
1370285129,5.15051523844401
1370285760,5.17051696777344
1370108460,14.1914198133681
1370418063,9.96099683973524
1370187926,16.6516664293077
1370188264,16.7416763305664
1370188560,16.7416763305664
1370562353,0.52005132039388
1370562698,0.550056033664279
1370562960,0.49004872639974
1370286070,5.35053465101454
1370188868,16.7816797892253
1370108760,14.2214245266385
1370563264,0.52005132039388
1370418386,10.1010110643175
1370109062,14.1714180840386
1370109360,14.2214245266385
1370189176,16.8016815185547
1370563576,0.52005132039388
1370286376,5.45054541693793
1370188846,16.7816797892253
1370189464,16.8016815185547
1370189760,16.8716896904839
1370286664,5.47054714626736
1370286052,5.35053465101454
1370563865,0.600060356987847
1370563268,0.52005132039388
1370564162,0.550056033664279
1370286962,5.5005497402615
1370108720,14.1914198133681
1370109664,14.1714180840386
1370418664,10.2410252888997
1370418348,10.0610054863824
1370418960,10.3410339355469
1370419267,10.4310438368056
1370564464,0.570057762993707
1370287263,5.52055358886719
1370190063,16.8916893005371
1370564776,0.52005132039388
1370287577,5.6005605061849
1370565075,0.630062950981988
1370564163,0.550056033664279
1370565065,0.600060356987847
1370565362,0.52005132039388
1370287846,5.69057040744358
1370286947,5.5005497402615
1370287865,5.65056482950846
1370109960,14.0614064534505
1370419576,10.5910597907172
1370288162,5.79057905409071
1370110260,13.9913982815213
1370565663,0.570057762993707
1370190376,16.9116931491428
1370419864,10.6810675726997
1370419259,10.4310438368056
1370420162,10.781078338623
1370110561,13.9513948228624
1370190644,16.9416957431369
1370189742,16.8716896904839
1370190670,16.9416957431369
1370190960,17.0017009311252
1370288464,5.79057905409071
1370565991,0.570057762993707
1370191263,16.9616953531901
1370110860,13.9013904995388
1370110540,13.9513948228624
1370109643,14.1914198133681
1370288782,5.87058597140842
1370111160,13.7213728162977
1370420464,10.8910899692112
1370566265,0.600060356987847
1370566560,0.630062950981988
1370565936,0.52005132039388
1370191582,17.0017009311252
1370111461,13.6313629150391
1370420775,10.9610960218641
1370289064,5.89058982001411
1370566864,0.600060356987847
1370421062,11.011102464464
1370420151,10.781078338623
1370111760,13.4913508097331
1370421064,11.011102464464
1370191557,17.0017009311252
1370288757,5.89058982001411
1370421362,11.0511059231228
1370289360,5.97059673733181
1370111439,13.6313629150391
1370191864,17.0717069837782
1370192160,17.0917087131076
1370112060,13.381339179145
1370421663,11.2411244710286
1370567177,0.630062950981988
1370112360,13.2913292778863
1370192468,17.1117125617133
1370289664,6.09060923258463
1370567464,0.550056033664279
1370566836,0.600060356987847
1370567762,0.600060356987847
1370421988,11.3111326429579
1370112661,13.2713275485569
1370112960,13.2013193766276
1370421962,11.3111326429579
1370422264,11.4411438835992
1370422560,11.4911482069227
1370192775,17.1617168850369
1370112351,13.2913292778863
1370113264,13.1313154432509
1370568065,0.600060356987847
1370193064,17.1617168850369
1370193360,17.2017203436957
1370192467,17.1117125617133
1370289976,6.1406135559082
1370422873,11.5811581081814
1370290264,6.16061740451389
1370289665,6.09060923258463
1370113560,13.0413055419922
1370290561,6.29062864515516
1370568376,0.600060356987847
1370193663,17.1817186143663
1370113860,13.0913098653158
1370568654,0.710071987575955
1370567736,0.600060356987847
1370568665,0.710071987575955
1370114162,13.0213038126628
1370568962,0.600060356987847
1370193976,17.2517267862956
1370569263,0.710071987575955
1370114162,13.0213038126628
1370113258,13.1313154432509
1370114460,13.0613072713216
1370194265,17.2017203436957
1370193356,17.2017203436957
1370194265,17.2017203436957
1370194560,17.1817186143663
1370423176,11.6311645507813
1370290864,6.33063422309028
1370423465,11.7711766560872
1370422867,11.5811581081814
1370114760,13.0613072713216
1370423762,11.8811882866753
1370291176,6.36063681708442
1370569588,0.740074581570095
1370115061,13.0013020833333
1370194863,17.1417151557075
1370569552,0.740074581570095
1370569865,0.740074581570095
1370291469,6.36063681708442
1370290557,6.26062605116102
1370291469,6.36063681708442
1370291762,6.43064286973741
1370570160,0.710071987575955
1370115360,13.0613072713216
1370115660,13.0013020833333
1370115020,13.0013020833333
1370292063,6.48064931233724
1370570469,0.820081498887804
1370195184,17.0517052544488
1370115964,12.9712973700629
1370424064,11.9511964586046
1370195464,17.0217047797309
1370195760,16.8316841125488
1370195126,17.1117125617133
1370116261,12.9712973700629
1370292381,6.58065795898438
1370116560,13.0413055419922
1370570777,0.820081498887804
1370196067,16.5416547987196
1370116820,13.0213038126628
1370115920,13.0413055419922
1370116863,13.0013020833333
1370424375,12.0212046305339
1370424632,12.0612080891927
1370423772,11.9011900160048
1370424665,12.0612080891927
1370424962,4.07040701972114
1370571064,0.840083228217231
1370571362,0.87008794148763
1370570464,0.820081498887804
1370292329,6.51065190633138
1370292664,6.6306644015842
1370292960,6.6306644015842
1370425263,6.68066872490777
1370196376,16.2716293334961
1370117160,13.0013020833333
1370196026,16.5416547987196
1370196664,16.0316043429905
1370196961,15.6915707058377
1370117460,13.0013020833333
1370293268,6.68066872490777
1370571664,0.790078904893663
1370117761,13.0213038126628
1370197263,15.4015392727322
1370571976,0.820081498887804
1370425588,5.15051523844401
1370117747,13.0213038126628
1370197576,15.2515263027615
1370293576,3.07030783759223
1370118060,12.9712973700629
1370572264,0.900090535481771
1370571366,0.87008794148763
1370572265,0.87008794148763
1370572562,0.930093129475911
1370425865,5.45054541693793
1370293864,3.43034320407444
1370293229,6.68066872490777
1370197844,15.0015004475911
1370196926,15.6515651279026
1370294161,3.9403936598036
1370118360,12.9512956407335
1370197865,15.0015004475911
1370198160,14.8014810350206
1370572863,0.950094858805339
1370426160,5.20051956176758
1370425532,5.20051956176758
1370198465,14.6414650811089
1370118661,13.0013020833333
1370118960,12.9312939114041
1370426475,5.17051696777344
1370573190,0.930093129475911
1370118640,13.0013020833333
1370119260,12.9312939114041
1370294464,4.24042383829753
1370198786,14.4614473978678
1370119561,12.9712973700629
1370426776,5.2505260043674
1370294776,4.47044796413845
1370427064,5.17051696777344
1370295066,4.72047170003255
1370573465,1.01010004679362
1370573760,1.01010004679362
1370573165,0.980097452799479
1370198743,14.5314534505208
1370295046,4.72047170003255
1370294129,3.9403936598036
1370199065,14.481447007921
1370199360,14.3914413452148
1370295362,4.77047814263238
1370119861,13.0213038126628
1370427361,5.2505260043674
1370426432,5.20051956176758
1370199673,14.2814297146267
1370120160,12.9512956407335
1370120464,13.0013020833333
1370119538,12.9712973700629
1370574065,1.01010004679362
1370295663,4.87048678927951
1370199976,14.1714180840386
1370427664,5.15051523844401
1370200264,14.1714180840386
1370295983,4.97049755520291
1370200561,14.1314146253798
1370199649,14.2814297146267
1370574376,1.01010004679362
1370574665,1.09010908338759
1370120760,12.8812874688043
1370574962,1.06010648939345
1370574078,1.01010004679362
1370121060,12.8812874688043
1370427975,5.2505260043674
1370296264,5.12051264444987
1370296560,5.20051956176758
1370200863,14.1514163547092
1370121361,12.8612857394748
1370428251,5.27052773369683
1370427353,5.2505260043674
1370295946,4.95049582587348
1370428265,5.27052773369683
1370428562,5.37053849962023
1370575264,1.14011340671115
1370296864,5.30053032769097
1370428863,5.30053032769097
1370121353,12.8612857394748
1370120458,13.0013020833333
1370121660,12.751276228163
1370201176,14.1014099121094
1370575576,1.14011340671115
1370201456,14.1014099121094
1370200555,14.1314146253798
1370201465,14.1014099121094
1370429185,5.35053465101454
1370121960,12.751276228163
1370201760,14.1914198133681
1370575836,1.11011081271701
1370574936,1.06010648939345
1370575865,1.19011984931098
1370576162,1.19011984931098
1370202063,14.1514163547092
1370297177,5.30053032769097
1370576463,1.14011340671115
1370429149,5.40054109361437
1370122261,12.6612663269043
1370429464,5.40054109361437
1370429760,5.37053849962023
1370297464,6.21062172783746
1370297761,7.33073340521918
1370296853,5.30053032769097
1370430067,5.40054109361437
1370122560,12.5612576802572
1370202383,14.1914198133681
1370576794,1.14011340671115
1370122860,12.521252102322
1370122252,12.6612663269043
1370202356,14.1714180840386
1370202664,14.1914198133681
1370202960,14.1314146253798
1370123160,12.521252102322
1370298064,8.03080240885417
1370577065,1.19011984931098
1370576736,1.19011984931098
1370577360,1.22012244330512
1370298376,8.57085757785373
1370123461,12.5012503729926
1370577664,1.19011984931098
1370298659,8.93089294433594
1370297758,7.33073340521918
1370430376,5.52055358886719
1370203268,14.1314146253798
1370123760,12.4112404717339
1370298665,8.93089294433594
1370298962,9.12091149224175
1370430074,5.40054109361437
1370430664,5.5005497402615
1370430961,5.52055358886719
1370124020,12.3112318250868
1370123162,12.521252102322
1370299263,9.52095455593533
1370124064,12.271228366428
1370577976,1.30012936062283
1370203577,14.1014099121094
1370431264,5.57055791219075
1370203865,14.1714180840386
1370204160,14.1314146253798
1370203273,14.1314146253798
1370299587,9.64096493191189
1370431575,5.6005605061849
1370431865,5.62056223551432
1370431862,5.62056223551432
1370430964,5.45054541693793
1370577657,1.19011984931098
1370578264,1.30012936062283
1370578562,1.33013407389323
1370299557,9.64096493191189
1370299864,9.87098693847656
1370204463,14.1314146253798
1370300160,9.96099683973524
1370432162,5.55055618286133
1370432474,5.62056223551432
1370204776,14.1014099121094
1370124360,12.3412344190809
1370300464,10.0810072157118
1370124660,12.271228366428
1370205026,14.0814081827799
1370204126,14.1314146253798
1370205065,14.0814081827799
1370205360,13.9913982815213
1370124961,12.1812184651693
1370578864,1.30012936062283
1370124920,12.2512266370985
1370125260,12.1812184651693
1370579176,1.2801276312934
1370205663,13.8813887702094
1370432787,5.6005605061849
1370300776,10.2010218302409
1370125560,12.11121029324
1370579465,1.30012936062283
1370579762,1.36013666788737
1370579456,1.30012936062283
1370578557,1.33013407389323
1370300479,10.0810072157118
1370301064,10.2910296122233
1370301362,10.4110421074761
1370580064,1.36013666788737
1370205979,13.7213728162977
1370125861,12.2012201944987
1370205927,13.7413745456272
1370206264,13.6713663736979
1370206560,13.5213534037272
1370126160,12.1312141418457
1370301664,10.5010520087348
1370433065,5.69057040744358
1370433360,5.65056482950846
1370432770,5.6005605061849
1370580393,1.3801383972168
1370125820,12.2012201944987
1370126460,12.2212219238281
1370206869,13.3613374498155
1370580664,1.44014358520508
1370433664,5.72057088216146
1370580368,1.46014531453451
1370301976,10.7110722859701
1370580960,1.46014531453451
1370126760,12.1812184651693
1370581266,1.41014099121094
1370302265,10.8710861206055
1370302562,10.8710861206055
1370302229,10.8710861206055
1370301329,10.4710472954644
1370127062,12.271228366428
1370127360,12.3112318250868
1370302863,10.9410942925347
1370433976,5.67056867811415
1370207176,13.2913292778863
1370126737,12.1812184651693
1370127663,12.3612361484104
1370206853,13.3613374498155
1370207464,13.1113115946452
1370207761,13.0913098653158
1370433632,5.69057040744358
1370434264,5.79057905409071
1370434562,5.77057732476128
1370581576,1.54015435112847
1370581864,1.54015435112847
1370581269,1.41014099121094
1370582162,1.52015262179905
1370208064,13.0213038126628
1370434864,5.74057473076714
1370303190,11.0311041937934
1370127960,12.4112404717339
1370435175,5.84058549669054
1370128260,12.3412344190809
1370582464,1.54015435112847
1370208376,12.9112921820747
1370435433,5.82058376736111
1370434533,5.77057732476128
1370128561,12.4312443203396
1370303465,11.3311343722873
1370303760,11.4011404249403
1370303129,11.081108517117
1370435465,5.89058982001411
1370435762,5.79057905409071
1370208670,12.7912796868218
1370208960,12.7212736341688
1370128539,12.4312443203396
1370127645,12.3612361484104
1370208645,12.7912796868218
1370207747,13.0913098653158
1370304069,11.4911482069227
1370128860,12.4112404717339
1370582776,1.52015262179905
1370583076,1.60015953911675
1370582169,1.52015262179905
1370436063,5.84058549669054
1370209263,12.6312637329102
1370583065,1.60015953911675
1370583362,1.60015953911675
1370129160,12.4312443203396
1370129461,12.4112404717339
1370209580,12.5612576802572
1370583663,1.68016857571072
1370129760,12.4112404717339
1370436390,5.82058376736111
1370304376,11.5411546495226
1370209555,12.5612576802572
1370304664,11.5811581081814
1370436665,5.84058549669054
1370130060,12.3812399970161
1370129453,12.4112404717339
1370209864,12.5012503729926
1370210160,12.4712477789985
1370304051,11.4911482069227
1370583994,1.60015953911675
1370304962,11.6711680094401
1370210467,12.4112404717339
1370130360,12.3612361484104
1370436348,5.87058597140842
1370436960,5.97059673733181
1370584264,1.68016857571072
1370437264,6.02060106065538
1370583936,1.60015953911675
1370584560,1.68016857571072
1370305263,11.7211744520399
1370130661,12.2912300957574
1370130960,12.2512266370985
1370305575,11.7711766560872
1370584869,1.68016857571072
1370130356,12.3612361484104
1370305849,11.7911783854167
1370304948,11.6711680094401
1370131265,12.271228366428
1370305866,11.7711766560872
1370306162,11.8111822340224
1370210776,12.3412344190809
1370437575,5.99059846666124
1370210469,12.4312443203396
1370211066,12.3112318250868
1370211360,12.3412344190809
1370437254,6.02060106065538
1370306464,11.8611865573459
1370437864,6.06060663859049
1370438161,6.09060923258463
1370585177,1.78017722235786
1370131560,12.271228366428
1370211664,12.3612361484104
1370306786,11.8611865573459
1370585464,1.8401845296224
1370584836,1.70017030504015
1370585762,1.89018885294596
1370131860,12.1812184651693
1370438464,6.09060923258463
1370132161,12.1812184651693
1370211976,12.3112318250868
1370306759,11.9511964586046
1370307064,11.971198187934
1370307360,11.9911999172635
1370212266,12.2912300957574
1370211356,12.3412344190809
1370212265,12.2912300957574
1370212560,12.271228366428
1370132164,12.1312141418457
1370131258,12.271228366428
1370438775,6.09060923258463
1370212863,12.2012201944987
1370586063,1.8401845296224
1370307669,12.041204240587
1370439062,6.09060923258463
1370438151,6.09060923258463
1370439065,6.11061096191406
1370439362,6.06060663859049
1370132460,12.1312141418457
1370132760,12.1812184651693
1370586376,1.91019058227539
1370133061,12.1312141418457
1370439663,6.1406135559082
1370213182,12.1812184651693
1370586654,1.91019058227539
1370585736,1.89018885294596
1370586665,1.91019058227539
1370133360,12.2012201944987
1370307976,12.11121029324
1370586962,1.91019058227539
1370133021,12.1512158711751
1370307664,12.041204240587
1370133660,12.2012201944987
1370439991,6.16061740451389
1370308266,12.0612080891927
1370213127,12.1812184651693
1370308562,12.2012201944987
1370587263,1.97019788953993
1370213464,12.0912085639106
1370213760,12.041204240587
1370133960,12.1812184651693
1370439963,6.16061740451389
1370440265,6.21062172783746
1370440560,6.26062605116102
1370587592,2.0202022128635
1370214068,11.971198187934
1370440864,6.26062605116102
1370134261,12.2012201944987
1370308865,12.1512158711751
1370134560,12.2512266370985
1370587553,2.07020653618707
1370587865,2.13021384345161
1370588160,2.10020913018121
1370309176,12.3112318250868
1370134821,12.2912300957574
1370133921,12.2012201944987
1370134865,12.2212219238281
1370588464,2.15021557278103
1370309470,12.2912300957574
1370308561,12.2012201944987
1370309466,12.2912300957574
1370441176,6.26062605116102
1370214376,11.9011900160048
1370440867,6.16061740451389
1370441464,6.31063249376085
1370309762,12.3612361484104
1370441762,6.2406243218316
1370214027,11.971198187934
1370214664,11.8811882866753
1370214960,11.8311839633518
1370310063,12.4112404717339
1370135160,12.271228366428
1370442063,6.2406243218316
1370135460,12.2512266370985
1370588777,2.23022249009874
1370135762,12.2512266370985
1370442375,6.38063854641385
1370215274,11.7711766560872
1370310383,12.4112404717339
1370589064,2.18021816677517
1370589362,2.26022508409288
1370588458,2.15021557278103
1370442633,6.29062864515516
1370441773,6.33063422309028
1370442665,6.41064114040799
1370136060,12.1512158711751
1370310666,12.4512460496691
1370310330,12.4112404717339
1370135739,12.2512266370985
1370442962,6.43064286973741
1370310960,12.5612576802572
1370443263,6.41064114040799
1370215575,11.7711766560872
1370311272,12.6112620035807
1370136360,12.11121029324
1370136661,12.0912085639106
1370443594,6.43064286973741
1370215865,11.7411740620931
1370589664,2.31023152669271
1370215844,11.7411740620931
1370214943,11.8311839633518
1370216160,11.6711680094401
1370216463,11.6111628214518
1370136960,11.9511964586046
1370589976,2.36023585001628
1370443867,6.41064114040799
1370444160,6.41064114040799
1370443533,6.38063854641385
1370136639,12.0612080891927
1370137260,11.9511964586046
1370311577,12.6312637329102
1370590265,2.39023844401042
1370589364,2.26022508409288
1370444464,6.46064758300781
1370311866,12.6112620035807
1370590265,2.39023844401042
1370590562,2.44024488661024
1370312163,12.7212736341688
1370311230,12.5412538316515
1370137560,11.9011900160048
1370590864,2.52025180392795
1370312464,12.68127017551
1370216782,11.561156378852
1370444777,6.46064758300781
1370445064,6.53065363566081
1370444433,6.53065363566081
1370137861,11.8611865573459
1370138160,11.7711766560872
1370445362,6.6006596883138
1370312776,12.6612663269043
1370591189,2.57025824652778
1370217064,11.4911482069227
1370217360,11.4411438835992
1370216744,11.5411546495226
1370137538,11.9011900160048
1370138465,11.7911783854167
1370313046,12.751276228163
1370312130,12.7012719048394
1370313065,12.68127017551
1370313362,12.5912602742513
1370445664,6.53065363566081
1370217669,11.421144273546
1370591464,2.57025824652778
1370591760,2.68026775783963
1370591166,2.57025824652778
1370313663,12.521252102322
1370445977,6.55065536499023
1370592065,2.73027208116319
1370446254,6.68066872490777
1370445349,6.6006596883138
1370446264,6.68066872490777
1370446562,6.53065363566081
1370217977,11.421144273546
1370218264,11.4711464775933
1370218560,11.4711464775933
1370138760,11.7211744520399
1370446863,6.6306644015842
1370217666,11.421144273546
1370313983,12.3412344190809
1370139060,11.6311645507813
1370139360,11.6111628214518
1370592376,2.78027852376302
1370447190,6.65066613091363
1370592664,2.78027852376302
1370218863,11.4711464775933
1370592081,2.73027208116319
1370314264,12.2212219238281
1370314560,12.041204240587
1370592962,2.88028717041016
1370139660,11.5411546495226
1370139354,11.5811581081814
1370138459,11.7911783854167
1370219176,11.5411546495226
1370313946,12.3812399970161
1370219456,11.5811581081814
1370218554,11.4711464775933
1370139960,11.4911482069227
1370219469,11.5811581081814
1370219760,11.6511662801107
1370314870,11.971198187934
1370447465,6.73067304823134
1370447760,6.68066872490777
1370447149,6.73067304823134
1370140261,11.5111520555284
1370220063,11.7011706034342
1370593264,2.88028717041016
1370140560,11.421144273546
1370315176,11.8311839633518
1370140254,11.5111520555284
1370140860,11.4011404249403
1370448064,6.7006704542372
1370220378,11.8111822340224
1370314864,11.971198187934
1370315464,11.7411740620931
1370315762,11.7011706034342
1370593576,3.43034320407444
1370141160,11.421144273546
1370593836,3.480347527398
1370592936,2.81028111775716
1370593865,3.5803582933214
1370220664,11.8311839633518
1370220960,11.9311947292752
1370220369,11.8111822340224
1370594162,4.02040269639757
1370316064,11.5811581081814
1370594464,4.45044623480903
1370221271,11.971198187934
1370316376,11.4911482069227
1370141461,11.3811386956109
1370448376,6.73067304823134
1370141760,11.3511361016168
1370594793,4.57045661078559
1370316659,11.4711464775933
1370315762,11.7011706034342
1370316665,11.4711464775933
1370316962,11.4411438835992
1370142021,11.421144273546
1370141162,11.421144273546
1370142064,11.4711464775933
1370317263,11.421144273546
1370448664,6.80068122016059
1370448962,6.77067650689019
1370448067,6.73067304823134
1370221576,11.9011900160048
1370221227,11.9511964586046
1370594736,4.57045661078559
1370221864,11.9511964586046
1370222161,11.9311947292752
1370595065,4.65046564737956
1370595360,4.72047170003255
1370595664,4.77047814263238
1370222464,11.9511964586046
1370142360,11.4711464775933
1370142660,11.4911482069227
1370317585,11.3811386956109
1370449264,6.85068554348416
1370142961,11.6111628214518
1370222776,11.9911999172635
1370317864,11.4711464775933
1370317568,11.4011404249403
1370318160,11.4011404249403
1370143260,11.6111628214518
1370223027,11.9311947292752
1370222127,11.9311947292752
1370142921,11.561156378852
1370223068,11.9311947292752
1370223360,11.9511964586046
1370449576,6.87068727281359
1370595976,4.75047641330295
1370318465,11.3811386956109
1370223663,11.971198187934
1370449865,6.85068554348416
1370450162,6.82068294949002
1370449865,6.92069159613715
1370448963,6.77067650689019
1370143560,11.6111628214518
1370595657,4.77047814263238
1370143861,11.7011706034342
1370596265,4.85048505995009
1370596562,4.92049323187934
1370450463,6.87068727281359
1370144160,11.7711766560872
1370223979,11.8311839633518
1370318776,11.3811386956109
1370143821,11.7411740620931
1370318430,11.3811386956109
1370319064,11.3511361016168
1370319362,11.4011404249403
1370144460,11.8311839633518
1370450787,6.94069332546658
1370596864,4.97049755520291
1370144760,11.8811882866753
1370597176,4.97049755520291
1370223943,11.8811882866753
1370224264,11.8611865573459
1370224560,11.9011900160048
1370451065,6.92069159613715
1370451360,6.97069803873698
1370319664,11.2811279296875
1370450771,6.87068727281359
1370597454,4.97049755520291
1370596554,4.92049323187934
1370597466,4.97049755520291
1370597762,2.75027592976888
1370224868,11.8111822340224
1370451664,6.97069803873698
1370319975,11.3111326429579
1370145061,11.9011900160048
1370145360,11.8811882866753
1370598063,2.36023585001628
1370320266,11.2411244710286
1370320230,11.3311343722873
1370319330,11.4011404249403
1370145664,11.8611865573459
1370144743,11.8811882866753
1370320562,11.3111326429579
1370320863,11.2811279296875
1370451977,7.26072735256619
1370225176,11.8611865573459
1370598393,1.8401845296224
1370452266,7.43074205186632
1370451633,6.97069803873698
1370224848,11.8111822340224
1370225464,11.8311839633518
1370225761,11.8111822340224
1370452562,7.48074849446615
1370321184,11.2611262003581
1370145960,11.971198187934
1370598665,1.4901500278049
1370598960,1.25012503729926
1370598364,1.91019058227539
1370321464,11.3111326429579
1370146260,11.9911999172635
1370321147,11.2611262003581
1370146561,11.8811882866753
1370452864,8.12081231011285
1370599268,0.930093129475911
1370321760,11.1911180284288
1370226063,11.7411740620931
1370322069,11.2811279296875
1370146860,11.9511964586046
1370146540,11.9511964586046
1370145643,11.8611865573459
1370453176,8.74087439643012
1370226376,11.7211744520399
1370453433,9.10090976291233
1370452533,7.48074849446615
1370453465,9.10090976291233
1370453762,9.12091149224175
1370226656,11.7211744520399
1370225744,11.8111822340224
1370147160,11.9311947292752
1370226665,11.7211744520399
1370226960,11.7411740620931
1370599576,0.760076310899523
1370227263,11.7011706034342
1370599864,0.49004872639974
1370599275,0.930093129475911
1370600163,0.460046132405599
1370322377,11.3111326429579
1370454063,9.05090543958876
1370322665,11.3111326429579
1370322053,11.2811279296875
1370147461,11.9011900160048
1370322962,11.2411244710286
1370227583,11.7411740620931
1370147760,11.9311947292752
1370148060,11.8111822340224
1370147453,11.9011900160048
1370454388,8.91089121500651
1370323264,11.1711162990994
1370148360,11.8111822340224
1370600463,0.250025855170356
1370227558,11.7411740620931
1370227864,11.6511662801107
1370228160,11.7011706034342
1370323576,11.15111456977
1370323860,11.1211140950521
1370322948,11.2411244710286
1370454350,8.98089938693576
1370323865,11.1211140950521
1370454665,8.91089121500651
1370454960,8.84088516235352
1370148661,11.8111822340224
1370324162,11.15111456977
1370148960,11.8111822340224
1370455264,8.86088689168294
1370600775,0.080009036593967
1370324463,11.081108517117
1370228468,11.6711680094401
1370601075,0
1370600167,0.330032772488064
1370601065,0
1370148352,11.8111822340224
1370149265,11.7711766560872
1370601362,-0.110010570949978
1370324783,11.1711162990994
1370601663,-0.360036426120334
1370455576,8.95089467366537
1370455255,8.86088689168294
1370455864,9.05090543958876
1370456161,9.10090976291233
1370228777,11.5811581081814
1370325065,11.1211140950521
1370325360,11.0511059231228
1370324759,11.1711162990994
1370601991,-0.330032772488064
1370228462,11.6711680094401
1370229066,11.5411546495226
1370229361,11.5111520555284
1370149561,11.7411740620931
1370325668,11.011102464464
1370456464,9.07090716891819
1370602265,-0.55005497402615
1370602561,-0.470046997070313
1370149860,11.5811581081814
1370601936,-0.49004872639974
1370150162,11.561156378852
1370229663,11.4411438835992
1370150164,11.561156378852
1370149260,11.7711766560872
1370456775,9.12091149224175
1370602864,-0.49004872639974
1370150460,11.5111520555284
1370457067,9.17091793484158
1370457362,9.21092139350043
1370457066,9.17091793484158
1370456154,9.10090976291233
1370229994,11.4411438835992
1370230268,11.421144273546
1370325976,10.9110916985406
1370150760,11.4411438835992
1370230227,11.5111520555284
1370229366,11.5111520555284
1370230560,11.4711464775933
1370603176,-0.55005497402615
1370457663,9.12091149224175
1370230864,11.4411438835992
1370326265,10.8010821872287
1370326562,10.8510865105523
1370325663,11.011102464464
1370457990,8.93089294433594
1370151061,11.4011404249403
1370602836,-0.580057568020291
1370603465,-0.49004872639974
1370603762,-0.600060356987847
1370326864,10.8510865105523
1370231185,11.3811386956109
1370151360,11.421144273546
1370151021,11.4011404249403
1370151660,11.421144273546
1370458265,8.53085411919488
1370457965,8.93089294433594
1370327176,10.8010821872287
1370458560,8.19081836276584
1370231127,11.421144273546
1370231464,11.4011404249403
1370231760,11.3811386956109
1370327430,10.8010821872287
1370326573,10.8510865105523
1370327465,10.8010821872287
1370327762,10.7310740152995
1370458864,7.86078559027778
1370151965,11.421144273546
1370232068,11.3811386956109
1370604063,-0.410040749443902
1370328063,10.6810675726997
1370152261,11.4011404249403
1370152560,11.4411438835992
1370604375,-0.470046997070313
1370152821,11.4711464775933
1370151921,11.4011404249403
1370152865,11.4711464775933
1370604654,-0.360036426120334
1370603736,-0.600060356987847
1370459176,7.62076271904839
1370328383,10.6110615200467
1370232376,11.4711464775933
1370604665,-0.360036426120334
1370604963,-0.250024795532227
1370232027,11.3811386956109
1370232665,11.561156378852
1370232960,11.5811581081814
1370458869,7.86078559027778
1370459464,7.28072908189562
1370459762,7.02070236206055
1370328664,10.7110722859701
1370328330,10.6810675726997
1370605263,-0.250024795532227
1370328960,10.6810675726997
1370329271,10.6610658433702
1370460063,6.73067304823134
1370233263,11.5811581081814
1370460376,6.55065536499023
1370329576,10.6610658433702
1370460669,6.41064114040799
1370460962,6.26062605116102
1370605585,-0.190018547905816
1370460633,6.41064114040799
1370459776,6.97069803873698
1370329865,10.6410641140408
1370330162,10.6410641140408
1370329230,10.6110615200467
1370233575,11.6711680094401
1370461263,6.26062605116102
1370233845,11.6511662801107
1370232943,11.5811581081814
1370233864,11.6511662801107
1370234160,11.7211744520399
1370605865,-0.170016818576389
1370606160,-0.190018547905816
1370605554,-0.190018547905816
1370330463,10.6410641140408
1370234463,11.8611865573459
1370461588,6.19061999850803
1370606464,-0.220022201538086
1370330775,10.7110722859701
1370234788,11.8811882866753
1370331064,10.6810675726997
1370461865,6.04060490926107
1370331047,10.6810675726997
1370330151,10.6410641140408
1370462160,5.99059846666124
1370331362,10.6810675726997
1370461533,6.1406135559082
1370235065,11.9311947292752
1370235360,11.9011900160048
1370234745,11.8611865573459
1370331663,10.6610658433702
1370606775,-0.190018547905816
1370462464,5.89058982001411
1370607064,-0.170016818576389
1370606458,-0.220022201538086
1370607362,-0.220022201538086
1370331987,10.7110722859701
1370235674,11.9011900160048
1370607674,-0.190018547905816
1370332265,10.7310740152995
1370331951,10.7110722859701
1370462777,5.72057088216146
1370332560,10.6610658433702
1370462433,5.89058982001411
1370463064,5.62056223551432
1370332875,10.6410641140408
1370235976,12.041204240587
1370463362,5.52055358886719
1370607975,-0.0800079769558377
1370235662,11.9011900160048
1370236265,11.971198187934
1370236561,11.9311947292752
1370608265,-0.170016818576389
1370607367,-0.220022201538086
1370463663,5.42054282294379
1370333178,10.5910597907172
1370608265,-0.220022201538086
1370608562,-0.140014224582248
1370333465,10.6610658433702
1370333762,10.7110722859701
1370332869,10.6410641140408
1370236863,11.8611865573459
1370463976,5.2505260043674
1370608864,-0.220022201538086
1370464270,5.17051696777344
1370464251,5.17051696777344
1370463350,5.52055358886719
1370464562,5.10051091512044
1370237176,11.8111822340224
1370334064,10.6410641140408
1370237464,11.7911783854167
1370464863,5.00050014919705
1370237456,11.7911783854167
1370236558,11.9311947292752
1370237760,11.7711766560872
1370334375,10.6110615200467
1370238063,11.7211744520399
1370609178,-0.170016818576389
1370465186,4.90049150254991
1370334659,10.6110615200467
1370333760,10.7110722859701
1370334665,10.6110615200467
1370334962,10.6110615200467
1370335263,10.4710472954644
1370609464,-0.250024795532227
1370609760,-0.170016818576389
1370465466,4.82048246595595
1370465164,4.90049150254991
1370609164,-0.220022201538086
1370465760,4.80048073662652
1370238383,11.7411740620931
1370466064,4.72047170003255
1370335589,10.5910597907172
1370610064,-0.110010570949978
1370238366,11.7411740620931
1370238664,11.7211744520399
1370238960,11.7411740620931
1370335865,10.4710472954644
1370466377,8.91089121500651
1370335571,10.5910597907172
1370336160,10.5010520087348
1370239268,11.8111822340224
1370610375,-0.140014224582248
1370466664,6.90068986680773
1370466071,4.72047170003255
1370466961,5.45054541693793
1370610664,-0.110010570949978
1370610082,-0.110010570949978
1370610964,-0.190018547905816
1370336466,10.5210537380642
1370467264,5.65056482950846
1370239576,11.8111822340224
1370336776,10.5410554673937
1370467576,5.87058597140842
1370239865,11.8311839633518
1370240160,11.9311947292752
1370239227,11.8111822340224
1370467870,5.89058982001411
1370468162,6.06060663859049
1370337064,10.5210537380642
1370336430,10.5910597907172
1370337361,10.5410554673937
1370467877,5.89058982001411
1370466965,5.45054541693793
1370611265,-0.190018547905816
1370468463,6.11061096191406
1370240463,11.9511964586046
1370337664,10.5010520087348
1370611575,-0.110010570949978
1370337975,10.4110421074761
1370468788,6.16061740451389
1370611865,-0.250024795532227
1370612163,-0.190018547905816
1370611837,-0.110010570949978
1370610937,-0.220022201538086
1370240776,11.9911999172635
1370338230,10.4110421074761
1370337330,10.5410554673937
1370338265,10.4110421074761
1370338562,3.9403936598036
1370612463,-0.250024795532227
1370241027,12.041204240587
1370240127,11.9311947292752
1370241071,12.041204240587
1370241360,12.0912085639106
1370468733,6.16061740451389
1370469065,6.19061999850803
1370469360,6.2406243218316
1370241664,12.1512158711751
1370338863,4.4004397922092
1370612785,-0.270026524861654
1370469665,6.33063422309028
1370241980,12.2012201944987
1370339190,4.040404425727
1370612737,-0.250024795532227
1370613064,-0.140014224582248
1370613360,-0.250024795532227
1370241944,12.1812184651693
1370242264,12.271228366428
1370242560,12.2912300957574
1370469976,6.1406135559082
1370339465,3.45034493340386
1370339760,3.20031907823351
1370339149,4.040404425727
1370242868,12.3812399970161
1370613664,-0.250024795532227
1370470265,5.92059241400825
1370470562,5.72057088216146
1370469633,6.33063422309028
1370340064,3.09030956692166
1370613976,-0.170016818576389
1370243176,12.4312443203396
1370614264,-0.270026524861654
1370470864,5.6005605061849
1370614562,-0.360036426120334
1370613660,-0.250024795532227
1370242848,12.3812399970161
1370243465,12.5012503729926
1370243761,12.5412538316515
1370340376,3.07030783759223
1370340664,3.01030053032769
1370340055,3.09030956692166
1370340962,2.88028717041016
1370471176,5.37053849962023
1370471453,5.2505260043674
1370470533,5.72057088216146
1370471467,5.2505260043674
1370471762,5.17051696777344
1370244064,12.5612576802572
1370614864,-0.300030178493924
1370341264,2.78027852376302
1370472063,5.10051091512044
1370244376,12.68127017551
1370615175,-0.250024795532227
1370615468,-0.170016818576389
1370614554,-0.360036426120334
1370615465,-0.170016818576389
1370615763,-0.270026524861654
1370472392,5.02050187852648
1370244660,12.68127017551
1370243748,12.5412538316515
1370244666,12.68127017551
1370244960,12.7212736341688
1370341576,2.73027208116319
1370341860,2.62026256985135
1370340948,2.88028717041016
1370616063,-0.300030178493924
1370341865,2.62026256985135
1370342162,2.49024920993381
1370245263,12.7912796868218
1370472358,5.02050187852648
1370472666,5.00050014919705
1370342473,2.57025824652778
1370472960,5.00050014919705
1370616385,-0.220022201538086
1370245582,12.8812874688043
1370473264,4.85048505995009
1370245864,12.8812874688043
1370342786,2.34023412068685
1370246160,12.9712973700629
1370245558,12.8812874688043
1370616369,-0.220022201538086
1370616665,-0.250024795532227
1370616960,-0.220022201538086
1370246469,13.0413055419922
1370343065,2.34023412068685
1370343360,2.41024017333984
1370342758,2.34023412068685
1370617270,-0.170016818576389
1370473576,4.70046997070313
1370473864,4.57045661078559
1370474161,4.45044623480903
1370473257,4.85048505995009
1370617576,-0.270026524861654
1370343665,2.52025180392795
1370617864,-0.300030178493924
1370617279,-0.170016818576389
1370246776,13.0613072713216
1370618163,-0.220022201538086
1370246464,13.0413055419922
1370247064,13.1313154432509
1370247360,13.1813176472982
1370474463,4.4004397922092
1370474775,4.24042383829753
1370618465,-0.220022201538086
1370475066,4.19041951497396
1370343976,2.62026256985135
1370475362,4.07040701972114
1370475064,4.19041951497396
1370474163,4.45044623480903
1370247663,13.2213232252333
1370343665,2.52025180392795
1370344264,2.62026256985135
1370344561,2.70026948716905
1370618775,-0.190018547905816
1370475663,3.99040010240343
1370344864,2.70026948716905
1370619065,-0.330032772488064
1370619363,-0.250024795532227
1370619037,-0.220022201538086
1370618181,-0.220022201538086
1370247976,13.2913292778863
1370248227,13.3413357204861
1370247367,13.1813176472982
1370248265,13.3413357204861
1370248560,13.381339179145
1370619663,-0.220022201538086
1370475993,3.96039538913303
1370345176,2.78027852376302
1370345465,2.81028111775716
1370248863,13.4313456217448
1370345430,2.73027208116319
1370344570,2.70026948716905
1370345762,2.73027208116319
1370619985,-0.220022201538086
1370346063,2.83028284708659
1370620264,-0.250024795532227
1370619937,-0.330032772488064
1370620560,-0.300030178493924
1370475963,3.96039538913303
1370476264,3.89038933648003
1370476560,3.81038029988607
1370249183,13.4713490804036
1370249127,13.4713490804036
1370620864,-0.220022201538086
1370249464,13.5213534037272
1370476864,3.7603759765625
1370346383,2.88028717041016
1370249760,13.5813585917155
1370250068,13.6513646443685
1370346330,2.88028717041016
1370346665,2.78027852376302
1370346960,2.83028284708659
1370621176,-0.220022201538086
1370620837,-0.300030178493924
1370477175,3.7603759765625
1370621465,-0.250024795532227
1370621763,-0.300030178493924
1370477464,3.73037338256836
1370347269,2.91029188368056
1370476878,3.81038029988607
1370477763,3.7603759765625
1370250376,13.6513646443685
1370250027,13.6313629150391
1370250664,13.7213728162977
1370250960,13.7713792588976
1370347576,2.9402944776747
1370622074,-0.330032772488064
1370347864,3.01030053032769
1370347230,2.91029188368056
1370348162,2.91029188368056
1370251263,13.86138704088
1370622376,-0.220022201538086
1370478063,3.71037165323893
1370251575,13.86138704088
1370622665,-0.300030178493924
1370622657,-0.300030178493924
1370621755,-0.300030178493924
1370478375,3.63036261664497
1370348464,2.9402944776747
1370251848,13.9013904995388
1370250944,13.7713792588976
1370251864,13.9013904995388
1370252160,5.62056223551432
1370478666,3.66036732991536
1370478962,3.61036088731554
1370478633,3.63036261664497
1370477733,3.7603759765625
1370252463,6.04060490926107
1370479263,3.5803582933214
1370622962,-0.360036426120334
1370348776,2.96029620700412
1370349065,3.09030956692166
1370349362,3.09030956692166
1370349049,3.09030956692166
1370348150,2.91029188368056
1370349664,3.14031389024523
1370252781,5.45054541693793
1370479593,3.5803582933214
1370252744,5.45054541693793
1370253065,4.70046997070313
1370253360,4.24042383829753
1370349986,3.17031648423937
1370253670,3.84038501315647
1370479864,3.61036088731554
1370480160,3.480347527398
1370479533,3.61036088731554
1370349948,3.20031907823351
1370350265,3.17031648423937
1370350560,3.14031389024523
1370480464,3.480347527398
1370350864,3.17031648423937
1370253976,3.7603759765625
1370623263,-0.300030178493924
1370254264,3.56035656399197
1370253660,3.84038501315647
1370254565,3.27032725016276
1370480776,3.480347527398
1370351176,3.14031389024523
1370351464,3.27032725016276
1370350866,3.17031648423937
1370480456,3.480347527398
1370481064,3.50034925672743
1370481362,3.43034320407444
1370351762,3.35033416748047
1370623585,-0.380038155449761
1370623864,-0.330032772488064
1370624160,-0.330032772488064
1370352074,3.32033157348633
1370623555,-0.380038155449761
1370624469,-0.330032772488064
1370481663,3.4003406100803
1370254863,3.27032725016276
1370352375,3.27032725016276
1370352664,3.35033416748047
1370352962,3.27032725016276
1370352659,3.35033416748047
1370351761,3.35033416748047
1370481976,3.480347527398
1370482269,3.50034925672743
1370482253,3.50034925672743
1370481351,3.43034320407444
1370255175,3.38033888075087
1370482562,3.53035396999783
1370624776,0.140014224582248
1370353263,3.38033888075087
1370255469,3.20031907823351
1370624473,-0.330032772488064
1370625065,0.380037095811632
1370482863,3.50034925672743
1370625363,0.600060356987847
1370255456,3.20031907823351
1370254555,3.27032725016276
1370255770,3.17031648423937
1370625665,0.790078904893663
1370353586,3.45034493340386
1370625975,0.820081498887804
1370483190,3.480347527398
1370626266,0.980097452799479
1370625369,0.600060356987847
1370626265,0.980097452799479
1370626562,1.09010908338759
1370353570,3.38033888075087
1370483465,3.56035656399197
1370353864,3.35033416748047
1370354160,3.4003406100803
1370626863,1.19011984931098
1370483162,3.480347527398
1370483760,3.50034925672743
1370484067,3.56035656399197
1370354470,3.45034493340386
1370627186,1.25012503729926
1370627464,1.33013407389323
1370354776,3.56035656399197
1370627177,1.25012503729926
1370627760,1.46014531453451
1370484376,3.5803582933214
1370628064,1.54015435112847
1370355064,3.45034493340386
1370355362,3.53035396999783
1370354431,3.45034493340386
1370484664,3.61036088731554
1370484071,3.56035656399197
1370484964,3.5803582933214
1370355664,3.5803582933214
1370485263,3.63036261664497
1370628376,1.57015694512261
1370628665,1.65016598171658
1370628038,1.54015435112847
1370628962,1.78017722235786
1370355975,3.56035656399197
1370356265,3.56035656399197
1370356562,3.56035656399197
1370356231,3.5803582933214
1370355331,3.61036088731554
1370485576,3.63036261664497
1370629263,1.8401845296224
1370485866,3.63036261664497
1370486162,3.5803582933214
1370485877,3.63036261664497
1370484967,3.5803582933214
1370356863,3.20031907823351
1370629576,1.91019058227539
1370486463,3.56035656399197
1370629865,1.94019317626953
1370630162,2.05020480685764
1370629838,1.94019317626953
1370628938,1.78017722235786
1370357185,3.20031907823351
1370630474,2.10020913018121
1370486786,3.56035656399197
1370357465,2.99029880099826
1370357760,2.91029188368056
1370357147,3.17031648423937
1370630786,2.15021557278103
1370358067,2.9402944776747
1370631064,2.10020913018121
1370631360,2.15021557278103
1370630760,2.15021557278103
1370487065,3.56035656399197
1370487360,3.53035396999783
1370486733,3.5803582933214
1370358376,2.86028544108073
1370631666,2.13021384345161
1370358664,2.65026516384549
1370358054,2.9402944776747
1370358962,2.65026516384549
1370487664,3.56035656399197
1370359264,2.55025439792209
1370631976,2.05020480685764
1370487976,3.53035396999783
1370631659,2.13021384345161
1370632265,2.10020913018121
1370632562,2.10020913018121
1370487633,3.63036261664497
1370488264,3.53035396999783
1370488564,3.53035396999783
1370359575,2.44024488661024
1370359865,2.36023585001628
1370360162,2.36023585001628
1370359861,2.36023585001628
1370358948,2.65026516384549
1370360464,2.60026084052192
1370632864,2.07020653618707
1370488864,3.56035656399197
1370360784,2.57025824652778
1370633175,2.10020913018121
1370489175,3.5803582933214
1370633468,2.15021557278103
1370632555,2.07020653618707
1370633465,2.15021557278103
1370633762,2.2002198961046
1370361065,2.55025439792209
1370360760,2.52025180392795
1370489449,3.5803582933214
1370488534,3.61036088731554
1370489465,3.5803582933214
1370489762,3.61036088731554
1370361360,2.57025824652778
1370634064,2.15021557278103
1370490063,3.50034925672743
1370361668,2.65026516384549
1370490390,3.53035396999783
1370634385,2.31023152669271
1370361976,2.75027592976888
1370634665,2.28022893269857
1370634366,2.31023152669271
1370490664,3.50034925672743
1370634960,2.36023585001628
1370362264,2.70026948716905
1370362562,2.83028284708659
1370361667,2.65026516384549
1370490351,3.50034925672743
1370490960,3.480347527398
1370635264,2.41024017333984
1370362864,2.75027592976888
1370491264,3.50034925672743
1370363176,2.73027208116319
1370363431,2.78027852376302
1370362574,2.75027592976888
1370363467,2.75027592976888
1370363762,2.78027852376302
1370491576,3.45034493340386
1370635577,2.52025180392795
1370364064,2.88028717041016
1370491255,3.50034925672743
1370491864,3.56035656399197
1370492175,3.53035396999783
1370635865,2.52025180392795
1370635270,2.41024017333984
1370636162,2.55025439792209
1370492464,3.480347527398
1370364385,2.9402944776747
1370364331,2.9402944776747
1370364664,2.91029188368056
1370364960,2.91029188368056
1370492775,3.53035396999783
1370636463,2.68026775783963
1370365265,3.01030053032769
1370493065,3.50034925672743
1370493362,3.53035396999783
1370493065,3.50034925672743
1370492162,3.53035396999783
1370636776,2.70026948716905
1370365576,3.3003298441569
1370637065,2.73027208116319
1370637362,2.86028544108073
1370637038,2.81028111775716
1370636177,2.55025439792209
1370365864,3.56035656399197
1370366161,3.7603759765625
1370493663,3.56035656399197
1370365252,3.01030053032769
1370637663,2.88028717041016
1370493990,3.71037165323893
1370366464,3.96039538913303
1370637979,2.9402944776747
1370493964,3.66036732991536
1370494264,3.73037338256836
1370494560,3.84038501315647
1370366776,4.07040701972114
1370367053,4.09040874905056
1370366147,3.7603759765625
1370637938,2.9402944776747
1370367069,4.09040874905056
1370638264,2.96029620700412
1370638560,3.01030053032769
1370494867,3.91039106580946
1370367362,4.19041951497396
1370638864,3.01030053032769
1370367663,4.17041778564453
1370495176,3.9403936598036
1370367989,4.27042643229167
1370639176,3.14031389024523
1370495464,3.96039538913303
1370495765,4.040404425727
1370494881,3.91039106580946
1370638838,3.09030956692166
1370639466,2.18021816677517
1370639762,1.06010648939345
1370367966,4.27042643229167
1370368264,4.32043287489149
1370368560,4.37043719821506
1370496063,3.99040010240343
1370368873,4.5004505581326
1370496375,4.07040701972114
1370640063,0.820081498887804
1370496634,4.040404425727
1370495734,4.040404425727
1370496665,4.040404425727
1370496962,4.040404425727
1370497263,4.1204113430447
1370369176,4.60046132405599
1370640376,0.650064680311415
1370640665,0.630062950981988
1370640962,0.52005132039388
1370640654,0.630062950981988
1370639755,1.06010648939345
1370369464,4.60046132405599
1370368867,4.5004505581326
1370369762,4.70046997070313
1370641263,0.52005132039388
1370497587,4.07040701972114
1370370064,4.75047641330295
1370641586,0.460046132405599
1370370375,4.77047814263238
1370497534,4.1204113430447
1370497864,4.1204113430447
1370370675,4.82048246595595
1370369763,4.70046997070313
1370370667,4.82048246595595
1370498160,4.040404425727
1370370962,4.92049323187934
1370641864,0.52005132039388
1370642160,0.49004872639974
1370641560,0.460046132405599
1370498466,4.1204113430447
1370371264,5.00050014919705
1370642468,0.550056033664279
1370371591,5.02050187852648
1370498776,4.040404425727
1370499064,4.1204113430447
1370498453,4.1204113430447
1370371864,5.10051091512044
1370642776,0.52005132039388
1370499364,4.07040701972114
1370372160,5.20051956176758
1370643064,0.49004872639974
1370371531,5.10051091512044
1370643363,0.570057762993707
1370642477,0.49004872639974
1370372464,5.27052773369683
1370499664,4.09040874905056
1370643664,0.550056033664279
1370372776,5.37053849962023
1370499975,4.040404425727
1370373064,5.35053465101454
1370500255,4.09040874905056
1370499351,4.07040701972114
1370643976,0.49004872639974
1370373361,5.37053849962023
1370372431,5.27052773369683
1370644268,0.52005132039388
1370643369,0.49004872639974
1370644265,0.52005132039388
1370644562,0.49004872639974
1370500265,4.09040874905056
1370500562,4.09040874905056
1370373664,5.52055358886719
1370500863,4.09040874905056
1370644863,0.49004872639974
1370373976,5.55055618286133
1370501186,4.07040701972114
1370374248,5.67056867811415
1370373331,5.37053849962023
1370374266,5.67056867811415
1370374562,5.65056482950846
1370645185,0.49004872639974
1370501164,4.040404425727
1370501464,4.040404425727
1370501760,4.02040269639757
1370374864,5.67056867811415
1370502064,3.96039538913303
1370645177,0.550056033664279
1370645464,0.49004872639974
1370645760,0.49004872639974
1370646064,0.600060356987847
1370375190,5.84058549669054
1370502376,4.02040269639757
1370375148,5.77057732476128
1370375465,5.84058549669054
1370502664,4.02040269639757
1370502964,3.9403936598036
1370375760,5.92059241400825
1370502067,3.96039538913303
1370646376,0.49004872639974
1370376064,5.87058597140842
1370646038,0.600060356987847
1370646665,0.52005132039388
1370646963,0.49004872639974
1370503263,3.96039538913303
1370376376,6.02060106065538
1370376664,6.09060923258463
1370647264,0.550056033664279
1370376053,5.87058597140842
1370376962,6.1406135559082
1370503575,3.91039106580946
1370503874,3.91039106580946
1370502962,3.9403936598036
1370647576,0.49004872639974
1370647838,0.600060356987847
1370646938,0.49004872639974
1370647866,0.570057762993707
1370503865,3.91039106580946
1370504162,4.02040269639757
1370648162,0.570057762993707
1370377264,6.11061096191406
1370504463,3.96039538913303
1370648463,0.550056033664279
1370377576,6.16061740451389
1370377865,6.21062172783746
1370378162,6.2406243218316
1370377860,6.19061999850803
1370376960,6.16061740451389
1370648785,0.570057762993707
1370504790,3.96039538913303
1370378465,6.29062864515516
1370649064,0.630062950981988
1370648755,0.570057762993707
1370649360,0.550056033664279
1370505064,3.89038933648003
1370505360,3.91039106580946
1370504734,3.91039106580946
1370378786,6.41064114040799
1370505665,3.89038933648003
1370379065,6.41064114040799
1370378761,6.43064286973741
1370379360,6.53065363566081
1370649665,0.52005132039388
1370379665,6.55065536499023
1370505976,3.84038501315647
1370506264,3.89038933648003
1370649976,0.52005132039388
1370505634,3.89038933648003
1370506563,3.86038674248589
1370379976,3.17031648423937
1370650265,0.550056033664279
1370379678,6.58065795898438
1370380264,3.32033157348633
1370380562,3.89038933648003
1370649657,0.52005132039388
1370650563,0.550056033664279
1370506864,3.89038933648003
1370650864,0.52005132039388
1370507175,3.84038501315647
1370380864,4.14041307237413
1370507451,3.84038501315647
1370506534,3.86038674248589
1370507465,3.84038501315647
1370507762,3.81038029988607
1370651175,0.52005132039388
1370508063,3.81038029988607
1370651469,0.600060356987847
1370650557,0.550056033664279
1370381175,4.24042383829753
1370651465,0.600060356987847
1370651762,0.550056033664279
1370381432,4.45044623480903
1370380532,3.84038501315647
1370381468,4.47044796413845
1370381762,4.5004505581326
1370652063,0.600060356987847
1370508393,3.79037857055664
1370508352,3.81038029988607
1370508664,3.79037857055664
1370508960,3.86038674248589
1370652380,0.650064680311415
1370652372,0.650064680311415
1370652665,0.600060356987847
1370652960,0.570057762993707
1370509272,3.7603759765625
1370653264,0.600060356987847
1370509577,3.84038501315647
1370653576,0.650064680311415
1370509864,3.66036732991536
1370510164,3.66036732991536
1370509255,3.7603759765625
1370653866,0.630062950981988
1370654163,0.570057762993707
1370653271,0.550056033664279
1370510464,3.68036905924479
1370654463,0.650064680311415
1370510775,3.71037165323893
1370511064,3.81038029988607
1370510163,3.66036732991536
1370511066,3.81038029988607
1370511362,6.77067650689019
1370654776,0.650064680311415
1370655038,0.650064680311415
1370654176,0.600060356987847
1370655066,0.650064680311415
1370655363,0.650064680311415
1370511664,4.47044796413845
1370655663,0.630062950981988
1370511995,5.3205320570204
1370512264,4.70046997070313
1370511965,5.3205320570204
1370655985,0.630062950981988
1370512560,4.4004397922092
1370512871,4.040404425727
1370655938,0.630062950981988
1370656265,0.650064680311415
1370656560,0.650064680311415
1370656864,0.740074581570095
1370513177,3.73037338256836
1370512883,4.07040701972114
1370513464,3.45034493340386
1370513762,3.1203121609158
1370657176,0.680067274305556
1370656838,0.740074581570095
1370657466,0.740074581570095
1370657763,0.760076310899523
1370514063,2.86028544108073
1370514375,2.55025439792209
1370514665,2.23022249009874
1370514634,2.23022249009874
1370513734,3.1203121609158
1370514962,1.97019788953993
1370658063,0.760076310899523
1370515264,1.70017030504015
1370658376,0.790078904893663
1370658665,0.760076310899523
1370515594,1.52015262179905
1370658655,0.760076310899523
1370657755,0.760076310899523
1370658962,0.760076310899523
1370659263,0.87008794148763
1370515866,1.25012503729926
1370516160,0.950094858805339
1370515551,1.52015262179905
1370659585,0.87008794148763
1370516472,0.710071987575955
1370659865,0.820081498887804
1370660160,0.790078904893663
1370659558,0.87008794148763
1370660464,0.900090535481771
1370516776,0.52005132039388
1370517064,0.190018547905816
1370516455,0.710071987575955
1370517362,0.0300025939941406
1370660776,0.950094858805339
1370660472,0.900090535481771
1370661065,0.900090535481771
1370661363,0.930093129475911
1370517666,-0.360036426120334
1370517976,-0.49004872639974
1370661663,0.930093129475911
1370518265,-0.690069198608398
1370517351,0.0300025939941406
1370518266,-0.690069198608398
1370518562,-1.0501045650906
1370661975,1.03010389539931
1370518863,-1.1001099480523
1370662265,1.01010004679362
1370662267,1.01010004679362
1370661369,0.930093129475911
1370662562,1.03010389539931
1370662863,0.950094858805339
1370519190,-1.3801383972168
1370519464,-1.46014637417263
1370519760,-1.32013214959039
1370519165,-1.3801383972168
1370663186,1.06010648939345
1370520068,-0.880087746514214
1370663465,1.11011081271701
1370663760,1.11011081271701
1370663176,1.06010648939345
1370664064,1.06010648939345
1370520376,-0.440044403076172
1370520664,-0.360036426120334
1370520070,-0.880087746514214
1370520962,-0.170016818576389
1370664376,1.1701160007053
1370521264,-0.170016818576389
1370664665,1.1701160007053
1370664038,1.06010648939345
1370664963,1.1701160007053
1370521577,-0.0800079769558377
1370665264,1.1701160007053
1370521834,-0.190018547905816
1370520974,-0.170016818576389
1370521865,-0.0800079769558377
1370522162,-0.0800079769558377
1370522464,-0.190018547905816
1370665576,1.25012503729926
1370665866,1.22012244330512
1370666162,1.22012244330512
1370665856,1.22012244330512
1370664938,1.1701160007053
1370522789,-0.110010570949978
1370666464,1.25012503729926
1370523064,-0.170016818576389
1370522734,-0.0600062476264106
1370523360,-0.0600062476264106
1370666785,1.22012244330512
1370523666,-0.140014224582248
1370667065,1.25012503729926
1370666757,1.30012936062283
1370667360,1.30012936062283
1370667666,1.2801276312934
1370523976,-0.110010570949978
1370524264,-0.110010570949978
1370523634,-0.140014224582248
1370524562,-0.140014224582248
1370667976,1.36013666788737
1370668265,1.3801383972168
1370668563,1.41014099121094
1370524864,-0.140014224582248
1370667661,1.2801276312934
1370668863,1.3801383972168
1370525176,-0.110010570949978
1370525465,-0.0800079769558377
1370525762,-0.0800079769558377
1370669176,1.36013666788737
1370525454,-0.0800079769558377
1370524552,-0.140014224582248
1370669465,1.3801383972168
1370669469,1.3801383972168
1370668567,1.41014099121094
1370526064,-0.0800079769558377
1370669762,1.44014358520508
1370670063,1.46014531453451
1370526392,-0.0600062476264106
1370670385,1.46014531453451
1370670665,1.46014531453451
1370670960,1.4901500278049
1370670368,1.46014531453451
1370671264,1.57015694512261
1370671576,1.52015262179905
1370671865,1.57015694512261
1370671282,1.4901500278049
1370672163,1.54015435112847
1370672463,1.62016126844618
1370672776,1.62016126844618
1370673038,1.70017030504015
1370672138,1.54015435112847
1370673065,1.70017030504015
1370673362,1.65016598171658
1370673663,1.73017289903429
1370673980,1.73017289903429
